-- -----------------------------------------------------------------------------
DROP TABLE IF EXISTS boss_hometown;
DROP TABLE IF EXISTS enemy_hometown;
DROP TABLE IF EXISTS enemy;
DROP TABLE IF EXISTS enemy_type;
DROP TABLE IF EXISTS chara_class_hometown;
DROP TABLE IF EXISTS place;
DROP TABLE IF EXISTS region;
DROP TABLE IF EXISTS waza_derivation;
DROP TABLE IF EXISTS waza_of_weapon;
DROP TABLE IF EXISTS spark_type_and_waza;
DROP TABLE IF EXISTS waza;
DROP TABLE IF EXISTS weapon;
DROP TABLE IF EXISTS weapon_type;
DROP TABLE IF EXISTS chara;
DROP TABLE IF EXISTS spark_type;
DROP TABLE IF EXISTS chara_class;

-- -----------------------------------------------------------------------------
CREATE TABLE chara_class (
    chara_class_id      integer NOT NULL,
    chara_class_name    text    NOT NULL,
    affiliate_condition text    NOT NULL,
    PRIMARY KEY (chara_class_id)
);

INSERT INTO chara_class(chara_class_id, chara_class_name, affiliate_condition) VALUES
( 0, '帝国重装歩兵',         '初期状態で加入済み。'),
( 1, '帝国軽装歩兵(男)',     '初期状態で加入済み。'),
( 2, '帝国軽装歩兵(女)',     '初期状態で加入済み。'),
( 3, '帝国猟兵(男)',         '初期状態で加入済み。'),
( 4, '帝国猟兵(女)',         '初期状態で加入済み。'),
( 5, '宮廷魔術師(男)',       '初期状態で加入済み。'),
( 6, '宮廷魔術師(女)',       '初期状態で加入済み。'),
( 7, 'フリーファイター(男)', '初期状態で加入済み。ゴブリン襲撃中はパーティーへの編成不可。'),
( 8, 'フリーファイター(女)', '初期状態で加入済み。ゴブリン襲撃中はパーティーへの編成不可。'),
( 9, 'フリーメイジ(男)',     '玉座イベントで術研究所を建設する。'),
(10, 'フリーメイジ(女)',     '玉座イベントで術研究所を建設する。'),
(11, 'インペリアルガード(男)', '玉座イベントでインペリアルガードを結成する。'),
(12, 'インペリアルガード(女)', '玉座イベントでインペリアルガードを結成する。'),
(13, '軍師',                 '玉座イベントで大学を建設する → 大学の入学試験に合格する → 大学内の軍師に話しかける。'),
(14, 'イーストガード',       'チョントウ城でセキシュウサイを倒した後、リャンシャンでイーストガードに話しかける(年代ジャンプをはさまないこと)。'),
(15, 'デザートガード',       '移動湖でノエルを倒す or 和解する → 移動湖 or テレルテバの酒場でデザートガードに話しかける。'),
(16, 'アマゾネス',           'サラマットでモンスターに襲われているアマゾネスを助ける → 女 or 人外の皇帝でアマゾネスに話しかける。もしくは、ロックブーケを倒す。'),
(17, 'ハンター',             '白アリの巣でクィーンを倒す → 南の集落のハンターに話しかける。'),
(18, 'ノーマッド(男)',       '地上戦間でボクオーンを倒す。'),
(19, 'ノーマッド(女)',       '地上戦間でボクオーンを倒す。'),
(20, 'ホーリーオーダー(男)', 'サイフリートの砦でサイフリートを倒す。'),
(21, 'ホーリーオーダー(女)', 'サイフリートの砦でサイフリートを倒す。'),
(22, '海女',             '沈没船のギャロンを倒す → トバの酒場の海女に話しかける。'),
(23, '武装商船団',       '武装商船団問題イベントの選択肢で「服従」させる。もしくは、ギャロンの反乱イベントでギャロンを倒す。'),
(24, 'サイゴ族',         '南のダンジョンのボスを倒す → ムーの越冬地のサイゴ族に話しかける。'),
(25, '格闘家',           'モンスターの巣の中ボス(ゼラチナスマター)を倒す → 龍の穴で格闘家に話しかける → モンスターの巣の奥で話しかける。もしくは、モンスターの巣のボス(悪魔系)を倒す → 龍の穴でザ・ドラゴンを倒す → 年代ジャンプ or 全滅時の皇帝継承で候補に出てきた格闘家を皇帝にする。'),
(26, 'シティシーフ(男)', 'アバロンの泥棒イベントでモンスターに襲われているシティシーフ(女)を助ける → シーフギルドで依頼を受け下水道のボス(ディープワン)を倒す → シティシーフに協力してもらい運河要塞を攻略する。'),
(27, 'シティシーフ(女)', 'アバロンの泥棒イベントでモンスターに襲われているシティシーフ(女)を助ける → シーフギルドで依頼を受け下水道のボス(ディープワン)を倒す → シティシーフに協力してもらい運河要塞を攻略する。'),
(28, 'サラマンダー',     'コムルーン火山噴火危機のイベントでコムルーン火山頂上の岩を倒す → ゼミオのサラマンダー(ケルート)に話しかける。'),
(29, 'モール',           '白アリの巣でクィーンを倒す → 年代ジャンプする。'),
(30, 'ネレイド',         '人魚イベント or 沈没船イベントの過程で魔女から人魚薬の材料を教えてもらう → ルドン高原のアクア湖でネレイドと話す → モールの住処で「モールのつぼ」を受け取る(クィーンは倒しておく) → アバロンの満月亭に泊まる → モールの住処で「月光のクシ」を受け取る → アクア湖でネレイドと話す。'),
(31, 'イーリス',         '詩人の楽器を全て集める → チカパ山の頂上に到達する。'),
(40, '特殊',             '【加入条件省略】');

-- -----------------------------------------------------------------------------
CREATE TABLE spark_type (
    spark_type_id   integer NOT NULL,
    spark_type_name text    NOT NULL,
    PRIMARY KEY (spark_type_id)
);

INSERT INTO spark_type(spark_type_id, spark_type_name) VALUES
( 0, '剣1'),
( 1, '剣2'),
( 2, '大剣1'),
( 3, '大剣2'),
( 4, '斧'),
( 5, '槍斧'),
( 6, '棍棒'),
( 7, '槍'),
( 8, '小剣'),
( 9, '弓'),
(10, '体術1'),
(11, '体術2'),
(12, '汎用'),
(13, '術'),
(14, 'なし');

-- -----------------------------------------------------------------------------
CREATE TABLE chara (
    chara_id        integer NOT NULL,
    chara_name      text    NOT NULL,
    attr_lp         integer NOT NULL,
    attr_str        integer NOT NULL,
    attr_dex        integer NOT NULL,
    attr_mag        integer NOT NULL,
    attr_int        integer NOT NULL,
    attr_spd        integer NOT NULL,
    attr_sta        integer NOT NULL,
    offset_slash    integer NOT NULL,
    offset_stab     integer NOT NULL,
    offset_bash     integer NOT NULL,
    offset_shoot    integer NOT NULL,
    offset_martial  integer NOT NULL,
    offset_fire     integer NOT NULL,
    offset_water    integer NOT NULL,
    offset_wind     integer NOT NULL,
    offset_earth    integer NOT NULL,
    offset_light    integer NOT NULL,
    offset_dark     integer NOT NULL,
    chara_class_id  integer NOT NULL,
    chara_number    integer NOT NULL,
    spark_type_id integer NOT NULL,
    PRIMARY KEY (chara_id),
    FOREIGN KEY (chara_class_id)
        REFERENCES chara_class (chara_class_id) MATCH SIMPLE
        ON UPDATE CASCADE
        ON DELETE NO ACTION,
    FOREIGN KEY (spark_type_id)
        REFERENCES spark_type (spark_type_id) MATCH SIMPLE
        ON UPDATE CASCADE
        ON DELETE NO ACTION
);

INSERT INTO chara(
  chara_id, chara_name,
  attr_lp, attr_str, attr_dex, attr_mag, attr_int, attr_spd, attr_sta,
  offset_slash, offset_stab, offset_bash, offset_shoot, offset_martial,
  offset_fire, offset_water, offset_wind, offset_earth, offset_light, offset_dark,
  chara_class_id, chara_number, spark_type_id) VALUES
(  0, 'ベア',              14, 16, 12, 15, 12, 11, 23, +3, -7, -7, -7, -7, -7, -7, -7, -7, -7, -7, 0, 1, 12),
(  1, 'バイソン',          15, 17, 12, 16, 13, 11, 21, +1, -7, +1, -7, +1, -7, -7, -7, -7, -7, -7, 0, 2, 12),
(  2, 'ウォーラス',        13, 16, 14, 14, 10, 10, 23, +1, -7, +1, -7, -7, -7, -7, -7, -7, -7, -7, 0, 3, 12),
(  3, 'スネイル',          12, 15, 12, 16, 13, 13, 21, +2, -7, -7, -7, -7, -7, -7, -7, -7, -7, -7, 0, 4,  1),
(  4, 'ヘッジホッグ',      11, 18, 12, 16, 12, 11, 22, +0, +0, -7, +0, -7, -7, -7, -7, -7, -7, -7, 0, 5, 12),
(  5, 'トータス',          12, 15, 13, 15, 14, 12, 22, +1, -7, -7, -7, -7, -7, -7, -7, -7, -7, -7, 0, 6, 12),
(  6, 'ライノ',            13, 16, 14, 15, 11, 13, 21, +1, -7, -7, -7, -7, -7, -7, -7, -7, -7, -7, 0, 7, 12),
(  7, 'フェルディナント',  10, 15, 13, 16, 13, 10, 23, +2, -7, -7, -7, -7, -7, -7, -7, -7, -7, -7, 0, 8, 12),
(  8, 'ジェイムズ',        11, 16, 15, 13, 11, 17, 18, +1, +1, +1, +1, -7, -7, -7, -7, -7, -7, -7, 1, 1,  3),
(  9, 'ジョン',            13, 16, 15, 14, 10, 18, 17, +1, +1, +1, +1, -7, -7, -7, -7, -7, -7, -7, 1, 2,  3),
( 10, 'リチャード',         8, 17, 15, 12, 12, 19, 16, +1, +1, +1, +1, -7, -7, -7, -7, -7, -7, -7, 1, 3,  0),
( 11, 'ハーバート',        10, 18, 16, 14, 11, 17, 17, +1, +1, +1, +1, -7, -7, -7, -6, -7, -7, -7, 1, 4,  1),
( 12, 'ハリー',            11, 18, 16, 16, 15, 15, 16, +1, +1, +1, +1, -7, -7, -7, -7, -7, -7, -7, 1, 5,  3),
( 13, 'ロナルド',           9, 17, 15, 14, 11, 18, 18, +1, +1, +1, +1, -7, -7, -7, -7, -7, -7, -7, 1, 6, 12),
( 14, 'ドワイト',           8, 17, 18, 13, 12, 16, 17, +1, +1, +1, +1, -7, -7, -7, -7, -7, -7, -7, 1, 7,  3),
( 15, 'フランクリン',      13, 18, 15, 13, 13, 18, 17, +1, +1, +1, +1, -7, -7, -5, -7, -7, -7, -7, 1, 8,  1),
( 16, 'ライーザ',          11, 16, 16, 16, 13, 16, 17, +2, +2, +2, +2, -7, -7, -7, -7, -7, -7, -7, 2, 1,  8),
( 17, 'ジェシカ',           8, 16, 18, 17, 10, 14, 16, +1, +1, +1, +1, -7, -7, -7, -7, -7, -7, -7, 2, 2,  1),
( 18, 'シャーリー',         7, 17, 15, 16, 13, 17, 18, +1, +1, +1, +1, -7, -7, -7, -4, -7, -7, -7, 2, 3,  8),
( 19, 'オードリー',        15, 18, 15, 17, 11, 15, 17, +2, +2, +2, +2, -7, -7, -7, -7, -7, -7, -7, 2, 4,  1),
( 20, 'ジュディ',          10, 17, 15, 16, 16, 18, 18, +1, +1, +1, +1, -7, -7, -7, -7, -7, -7, -7, 2, 5,  0),
( 21, 'グレース',          12, 18, 15, 15, 15, 17, 17, +1, +1, +1, +1, -7, -7, -7, -7, -7, -7, -7, 2, 6,  1),
( 22, 'イングリット',       8, 17, 16, 15, 14, 16, 18, +2, +2, +2, +2, -7, -7, -7, -7, -7, -7, -7, 2, 7,  8),
( 23, 'グレタ',             9, 17, 15, 15, 11, 17, 16, +1, +1, +1, +1, -7, -7, -7, -7, -7, -7, -7, 2, 8,  9),
( 24, 'ヘンリー',          12, 13, 22, 13, 11, 16, 15, -7, +2, -7, +2, -7, -7, -7, -7, -7, -7, -7, 3, 1,  9),
( 25, 'ルイ',              11, 14, 21, 14, 11, 15, 15, -7, +1, -7, +1, -7, -7, -7, -7, -7, -7, -7, 3, 2,  9),
( 26, 'チャールズ',        10, 15, 20, 13, 12, 15, 14, -7, -7, -7, +2, -7, -7, -7, -7, -7, -7, -7, 3, 3,  9),
( 27, 'ウィリアム',        13, 13, 22, 12, 10, 16, 16, -7, +2, -7, +2, -7, -7, -7, -7, -7, -7, -7, 3, 4,  9),
( 28, 'フィリップ',        12, 15, 21, 14, 12, 14, 16, -7, -7, -7, +1, -7, -7, -7, -7, -7, -7, -7, 3, 5,  9),
( 29, 'エドワード',        10, 16, 20, 11, 14, 17, 15, -7, -7, -7, +4, -7, -7, -7, -7, -7, -7, -7, 3, 6,  9),
( 30, 'アレクサンドル',    12, 13, 22, 16, 10, 15, 17, -7, -7, -7, +1, -7, -7, -7, -7, -7, -7, -7, 3, 7,  9),
( 31, 'フリードリッヒ',    15, 14, 21, 13, 12, 16, 15, -7, -7, -7, +2, -7, -5, -7, -7, -7, -7, -7, 3, 8,  9),
( 32, 'テレーズ',          10, 13, 20, 15, 10, 16, 14, -7, +2, -7, +2, -7, -7, -6, -7, -7, -7, -7, 4, 1,  9),
( 33, 'メアリー',           8, 15, 21, 14, 13, 15, 13, -7, -7, -7, +2, -7, -7, -7, -7, -7, -7, -7, 4, 2,  8),
( 34, 'アグネス',           6, 14, 20, 17, 12, 16, 12, -7, +1, -7, +1, -7, -7, -5, -7, -7, -5, -7, 4, 3,  9),
( 35, 'キャサリン',         7, 13, 22, 15, 11, 15, 14, -7, -7, -7, +2, -7, -7, -7, -7, -7, -7, -7, 4, 4,  9),
( 36, 'アン',               9, 16, 20, 14, 12, 15, 13, -7, -7, -7, +1, -7, -7, -7, -7, -4, -7, -7, 4, 5,  9),
( 37, 'ユリアナ',          11, 12, 23, 14, 12, 13, 15, -7, -7, -7, +3, -7, -7, -7, -7, -7, -7, -7, 4, 6,  9),
( 38, 'イザベラ',           7, 14, 21, 19, 10, 14, 12, -7, +1, -7, +1, -7, -7, -7, -7, -1, -7, -7, 4, 7,  9),
( 39, 'エリザベス',         8, 13, 22, 15, 12, 13, 15, -7, -7, -7, +2, -7, -7, -7, -7, -7, -7, -7, 4, 8,  9),
( 40, 'アリエス',          10, 12, 16, 21, 11, 13, 12, -7, -7, -5, -7, -7, -7, +1, +1, -7, -7, -7, 5, 1,  6),
( 41, 'サジタリウス',      12, 10, 19, 19, 10, 14, 10, -7, -7, -7, +0, -7, -7, +1, +1, -7, -7, -7, 5, 2,  9),
( 42, 'ライブラ',           8, 11, 16, 23, 11, 12, 11, -7, -7, -7, -7, -7, -7, +3, +3, -7, -7, -7, 5, 3, 13),
( 43, 'タウラス',          11, 12, 17, 21, 13, 14, 10, -7, -7, -7, -7, -7, -7, +2, +2, -7, -7, -7, 5, 4, 13),
( 44, 'ジェミニ',          10, 11, 17, 20, 12, 14, 13, -7, -7, -7, -7, -7, -7, +2, +2, -7, -7, -7, 5, 5, 13),
( 45, 'カプリコーン',       9, 12, 16, 19, 14, 13, 12, -7, -7, -4, -7, -7, -7, +1, +1, -7, -7, -7, 5, 6,  6),
( 46, 'キグナス',          13, 13, 18, 21, 14, 12, 12, -7, -7, -7, -7, -7, -7, +2, +2, -7, -7, -7, 5, 7, 13),
( 47, 'クラックス',        10, 11, 17, 20, 12, 15, 11, -7, -7, -7, -7, -7, -7, +1, +1, -7, -7, -7, 5, 8, 13),
( 48, 'エメラルド',        10, 10, 17, 20, 14, 16, 10, -7, -7, -7, -7, -7, +2, -7, +2, -7, -7, -7, 6, 1, 13),
( 49, 'アメジスト',         8, 10, 17, 19, 13, 15, 13, -7, -7, -7, -7, -7, +1, -7, +1, -7, -7, -7, 6, 2, 13),
( 50, 'オニキス',          11, 10, 18, 20, 12, 16, 11, -7, -7, -7, -7, -7, +1, -7, +1, -7, -7, -7, 6, 3, 13),
( 51, 'トパーズ',          10, 11, 16, 20, 15, 15, 10, -7, -7, -7, -7, -7, +1, -7, +1, -7, -7, -7, 6, 4, 13),
( 52, 'ガーネット',         8, 11, 16, 21, 14, 15, 11, -7, -7, -7, -7, -7, +1, -7, +1, -7, -7, -7, 6, 5, 13),
( 53, 'オパール',          12, 11, 17, 20, 14, 16, 11, -7, -7, -7, -7, -7, +2, -7, +2, -7, -7, -7, 6, 6, 13),
( 54, 'ルビー',            10, 11, 18, 22, 15, 16, 10, -7, -7, -7, -7, -7, +3, -7, +3, -7, -7, -7, 6, 7, 13),
( 55, 'サファイア',        12, 13, 17, 18, 12, 17, 12, -7, +3, -7, -7, -7, +2, -7, +2, -7, -7, -7, 6, 8,  8),
( 56, 'ヘクター',          13, 21, 14, 12, 11, 16, 18, +2, -7, +2, -7, -7, -7, -7, -7, -6, -7, -7, 7, 1,  3),
( 57, 'オライオン',        11, 20, 15, 13, 10, 17, 16, +3, -7, -7, -7, -7, -6, -7, -7, -7, -7, -7, 7, 2,  0),
( 58, 'ジェイスン',        11, 19, 16, 14, 11, 15, 17, +1, +1, +1, -7, -7, -7, -7, -7, -7, -7, -7, 7, 3,  5),
( 59, 'シーシアス',        10, 20, 14, 13, 10, 16, 17, +1, +1, +1, -7, -7, -7, -7, -5, -7, -7, -7, 7, 4,  5),
( 60, 'アキリーズ',        13, 19, 15, 14, 13, 15, 19, +2, -7, -7, -7, -7, -7, -7, -7, -7, -7, -7, 7, 5,  2),
( 61, 'ユリシーズ',        12, 21, 15, 13, 12, 16, 17, +1, +1, +1, -7, -7, -7, -5, -7, -7, -7, -7, 7, 6,  5),
( 62, 'パーシアス',        11, 18, 16, 13, 12, 17, 16, +2, -7, +2, -7, -7, -7, -7, -7, -7, -7, -7, 7, 7, 12),
( 63, 'ハーキュリーズ',    13, 20, 17, 14, 13, 14, 16, +1, -7, +1, -7, -7, -7, -7, -7, -7, -6, -7, 7, 8,  3),
( 64, 'アンドロマケー',    11, 19, 16, 15, 11, 13, 18, +1, -7, -7, +1, -7, -7, -6, -7, -7, -7, -7, 8, 1,  1),
( 65, 'シーデー',          10, 18, 17, 15, 11, 15, 16, +1, -7, -7, +1, +1, -7, -7, -7, -7, -5, -7, 8, 2,  9),
( 66, 'メディア',          15, 19, 16, 14, 18, 14, 17, +2, -7, +2, +2, -7, -6, -7, -7, -6, -7, -7, 8, 3,  1),
( 67, 'ヒッポリュテー',    12, 18, 15, 17, 12, 13, 18, +2, +2, -7, -7, -7, -7, -7, -7, -7, -7, -7, 8, 4,  5),
( 68, 'デーイダメイア',    14, 19, 16, 15, 10, 14, 17, +1, -7, -7, -7, -7, -7, -7, -7, -7, -7, -7, 8, 5,  3),
( 69, 'ペネロープ',        11, 20, 16, 14, 11, 13, 19, +2, -7, -7, -7, -7, -7, -7, -7, -5, -7, -7, 8, 6,  1),
( 70, 'アンドロメダ',       7, 17, 18, 15, 13, 15, 17, +1, -7, -7, +1, -7, -7, -7, -6, -7, -7, -7, 8, 7,  9),
( 71, 'ディアネイラ',      10, 19, 16, 14, 13, 14, 18, +2, -7, -7, +2, -7, -7, -7, -7, -7, -7, -7, 8, 8,  3),
( 72, 'レグルス',          10, 12, 15, 20, 15, 17, 15, -7, -7, -5, -7, -7, -7, +3, -7, +3, -7, -7, 9, 1, 10),
( 73, 'アルゴル',           8, 12, 16, 19, 13, 16, 15, -7, -7, -5, -7, -7, -7, +2, -7, +2, -7, -7, 9, 2,  6),
( 74, 'ポラリス',          10, 11, 16, 21, 12, 16, 16, -7, -7, -7, -7, -7, -7, +3, -7, +3, -7, -7, 9, 3, 13),
( 75, 'カノープス',         6, 12, 15, 19, 14, 18, 15, -7, -7, -5, -7, -7, -7, +3, -7, +3, -7, -7, 9, 4,  6),
( 76, 'プロキオン',         8, 10, 16, 20, 15, 17, 15, -7, -7, -4, -7, -7, -7, +2, -7, +2, -7, -7, 9, 5,  6),
( 77, 'リゲル',             9, 11, 18, 18, 14, 16, 14, -7, -7, -6, -7, -7, -7, +2, -7, +2, -7, -7, 9, 6,  9),
( 78, 'ヴェガ',            13, 12, 14, 22, 12, 17, 15, -7, -7, -7, -7, -7, -7, +3, -7, +3, -7, -7, 9, 7, 13),
( 79, 'シリウス',           7, 11, 17, 19, 13, 16, 16, -7, -7, -6, -7, -7, -7, +3, -7, +3, -7, -7, 9, 8,  6),
( 80, 'ローズ',             7, 11, 17, 19, 13, 17, 13, -7, -7, -5, -7, -7, +2, -7, -7, +2, -7, -7, 10, 1, 13),
( 81, 'リリィ',             8, 10, 18, 20, 12, 16, 12, -7, -7, -4, -7, -7, +3, -7, -7, +3, -7, -7, 10, 2,  8),
( 82, 'デイジー',          10, 11, 17, 18, 13, 19, 13, -7, -7, -7, -7, -7, +1, -7, -7, +1, -7, -7, 10, 3, 13),
( 83, 'アイリス',           9, 10, 15, 22, 17, 15, 12, -7, -7, -7, -7, -7, +1, -7, -7, +1, -7, -7, 10, 4, 13),
( 84, 'マグノリア',        11, 13, 18, 19, 15, 17, 14, -7, -7, -5, -7, -7, +3, -7, -7, +3, -7, -7, 10, 5, 11),
( 85, 'ヘイゼル',           7, 11, 17, 20, 16, 16, 13, -7, -7, -7, -7, -7, +4, -7, -7, +4, -7, -7, 10, 6, 13),
( 86, 'アイヴィ',           8, 10, 17, 19, 15, 18, 11, -7, -7, -6, -7, -7, +3, -7, -7, +3, -7, -7, 10, 7,  8),
( 87, 'ウィンドシード',     9, 11, 17, 20, 16, 17, 13, -7, -7, -7, -7, -7, +2, -7, -7, +2, -7, -7, 10, 8, 13),
( 88, 'ワレンシュタイン',  12, 23, 10, 11, 10, 12, 20, +3, +3, -7, -7, -7, -7, -7, -7, -7, +0, -7, 11, 1,  5),
( 89, 'タンクレッド',      13, 21, 12, 11, 11, 11, 21, -7, +2, -7, -7, -7, -7, -7, -7, -7, +0, -7, 11, 2,  7),
( 90, 'ダブー',            12, 22, 10, 12, 12, 14, 19, -7, +3, -7, -7, -7, -7, -7, -7, -7, +0, -7, 11, 3,  7),
( 91, 'マールバラ',        14, 23, 11, 13, 14, 13, 18, -7, +2, -7, -7, -7, -7, -7, -7, -7, +0, -7, 11, 4,  7),
( 92, 'ハンニバル',        15, 25, 12, 11, 18, 11, 18, +4, +4, -7, -7, -7, -7, -7, -7, -7, +0, -7, 11, 5,  5),
( 93, 'エパミノンダス',    11, 22, 13, 12, 13, 12, 17, -7, +2, -7, -7, -7, -7, -7, -7, -7, +0, -7, 11, 6,  7),
( 94, 'グスタフ',          13, 24, 10, 10, 10, 11, 20, -7, +3, -7, -7, -7, -7, -7, -7, -7, +0, -7, 11, 7,  7),
( 95, 'ベリサリウス',      12, 23, 11, 14, 12, 13, 19, -7, +2, -7, +2, -7, -7, -7, -7, -7, +0, -7, 11, 8,  5),
( 96, 'ミネルバ',          11, 20, 12, 17, 12, 10, 17, +2, +2, -7, +2, -7, -7, -7, -7, -7, +1, -7, 12, 1,  1),
( 97, 'ルナ',              14, 21, 10, 18, 13, 12, 16, -7, +2, -7, -7, -7, -7, -7, -7, -7, +1, -7, 12, 2,  5),
( 98, 'ユノー',            10, 23, 10, 15, 12, 11, 17, -7, +3, -7, -7, -7, -7, -7, -7, -7, +1, -7, 12, 3, 12),
( 99, 'セレス',            13, 22, 10, 15, 13, 13, 16, +2, +2, -7, -7, -7, -7, -7, -7, -7, +1, -7, 12, 4,  3),
(100, 'オーロラ',          12, 21, 11, 17, 15, 10, 17, -7, +3, -7, -7, -7, -7, -7, -7, -7, +1, -7, 12, 5,  5),
(101, 'フューリー',        11, 19, 13, 18, 15, 11, 16, -7, +2, -7, +2, -7, -7, -7, -7, -7, +1, -7, 12, 6,  5),
(102, 'ヴィクトリア',      10, 21, 12, 16, 14, 11, 18, -7, +3, -7, -7, -7, -7, -7, -7, -7, +1, -7, 12, 7,  7),
(103, 'ディアナ',          15, 22, 11, 16, 18, 11, 18, -7, +2, +2, -7, -7, -7, -7, -7, -7, +1, -7, 12, 8,  0),
(104, 'シゲン',            10, 10, 11, 21, 12, 23, 11, -7, -7, -7, -7, -7, -7, +3, +3, -7, +3, -7, 13, 1, 13),
(105, 'ハクヤク',           8, 10, 13, 19, 12, 22, 11, -7, -7, -7, -7, -7, +3, -7, -7, +3, +3, -7, 13, 2, 13),
(106, 'タンプク',           9, 10, 11, 20, 11, 24, 11, -7, -7, -7, -5, -7, -7, +3, -7, +3, +3, -7, 13, 3, 13),
(107, 'チュウタツ',        13, 12, 12, 22, 15, 22, 13, -7, -7, -7, -7, -7, +5, -7, +5, -7, +5, -7, 13, 4, 13),
(108, 'コウキン',          11, 10, 11, 21, 13, 23, 10, -7, -7, -7, -7, -7, -7, +3, +3, -7, +3, -7, 13, 5, 13),
(109, 'ハクゲン',          13, 13, 12, 20, 14, 22, 12, -4, -7, -7, -7, -7, +4, -7, +4, -7, +4, -7, 13, 6,  2),
(110, 'モウトク',          12, 11, 12, 19, 12, 21, 12, -7, -7, -7, -5, -7, -7, +3, -7, +3, +3, -7, 13, 7,  9),
(111, 'コウメイ',           5, 10, 10, 25, 10, 25, 10, -7, -7, -7, -7, -7, +5, -7, -7, +5, +5, -7, 13, 8, 13),
(112, 'ジュウベイ',        12, 18, 14, 11, 23, 21, 13, +3, -7, -7, -7, -7, -7, -7, -6, -7, -7, -7, 14, 1,  2),
(113, 'テッシュウ',        14, 17, 13, 13, 13, 20, 11, +1, -7, -7, -7, -7, -7, -6, -7, -7, -7, -7, 14, 2,  2),
(114, 'シュウサク',        13, 16, 15, 12, 14, 21, 10, +2, -7, -7, +2, -7, -7, -7, -7, -7, -7, -7, 14, 3,  2),
(115, 'ガンリュウ',        10, 18, 10, 11, 12, 21, 11, +2, -7, -7, -7, -7, -7, -7, -7, -7, -7, -7, 14, 4,  2),
(116, 'トシ',              11, 20, 12, 13, 15, 20, 12, +3, -7, -7, -7, -7, -7, -7, -7, -7, -7, -7, 14, 5,  2),
(117, 'レンヤ',            13, 19, 14, 12, 12, 21, 10, +4, -7, -7, -7, -7, -7, -7, -7, -7, -7, -7, 14, 6,  0),
(118, 'ボクデン',          15, 16, 12, 14, 14, 22, 11, +2, -7, -7, +2, -7, -7, -7, -6, -7, -7, -7, 14, 7,  2),
(119, 'ソウジ',             1, 22, 12, 14, 13, 24, 11, +3, -7, -7, -7, -7, -7, -7, -7, -7, -7, -7, 14, 8,  2),
(120, 'シャールカーン',    12, 19, 12, 17, 16, 13, 18, +2, -7, -7, -7, -7, -7, -7, -7, -4, -7, -7, 15, 1,  0),
(121, 'ネマーン',          11, 20, 13, 16, 14, 12, 19, +1, -7, -7, +1, -7, -7, -7, -5, -7, -7, -7, 15, 2, 12),
(122, 'ダンダーン',        14, 18, 15, 18, 17, 12, 18, +2, -7, -7, -7, -7, -7, -7, -7, -6, -7, -7, 15, 3, 12),
(123, 'シャハリヤール',    15, 19, 13, 16, 15, 13, 19, +1, -7, -7, +1, +1, -7, -7, -7, -5, -7, -7, 15, 4,  1),
(124, 'アバールハサン',    10, 18, 14, 17, 13, 14, 17, +3, -7, -7, +3, -7, -7, -7, -7, -7, -7, -7, 15, 5, 12),
(125, 'マルザワーン',      12, 20, 12, 16, 16, 14, 18, +1, -7, -7, +1, -7, -7, -7, -5, -7, -7, -7, 15, 6, 12),
(126, 'アルマノス',        14, 19, 15, 18, 14, 12, 16, +2, -7, -7, -7, -7, -7, -7, -7, -7, -7, -7, 15, 7, 12),
(127, 'スライマーン',      13, 19, 14, 18, 13, 13, 19, +2, -7, -7, +2, +2, -7, -7, -7, -6, -7, -7, 15, 8,  0),
(128, 'ジャンヌ',          11, 17, 19, 13, 10, 17, 19, -7, +3, +3, +3, -7, -7, -7, -7, -7, -7, -7, 16, 1,  5),
(129, 'クリームヒルト',     8, 15, 20, 12, 14, 18, 18, -7, +2, +2, +2, -7, -7, -7, -7, -7, -7, -7, 16, 2,  5),
(130, 'エカテリーナ',      15, 14, 18, 15, 21, 16, 21, +1, -7, -7, +1, +1, -7, -7, -7, -7, -7, -7, 16, 3,  5),
(131, 'テオドラ',          10, 17, 19, 12, 16, 18, 17, -7, +1, -7, +1, -7, -7, -7, -7, -7, -7, -7, 16, 4,  7),
(132, 'アグリッピナ',      11, 15, 19, 13, 15, 17, 19, -7, +2, +2, +2, -7, -7, -7, -7, -7, -7, -7, 16, 5,  5),
(133, 'アルテミシア',       8, 15, 20, 14, 14, 16, 18, -7, -7, -7, +5, -7, -7, -7, -7, -7, -6, -7, 16, 6,  9),
(134, 'ブコウ',            13, 16, 17, 14, 13, 15, 20, -7, +2, -7, +2, -7, -7, -7, -7, -7, -7, -7, 16, 7,  5),
(135, 'トモエ',            14, 19, 18, 12, 18, 17, 18, +3, +3, -7, +3, -7, -7, -7, -7, -7, -7, -7, 16, 8,  5),
(136, 'ハムバ',            10, 12, 24, 10, 12, 14, 15, -7, +1, -7, +1, -7, -7, -7, -7, -7, -7, -7, 17, 1,  9),
(137, 'クワワ',            12, 11, 22, 12, 17, 13, 16, +2, -7, -7, +2, -7, -7, -7, -7, -7, -7, -7, 17, 2,  9),
(138, 'ムジュグ',          11, 13, 24, 11, 14, 15, 14, -7, -7, -7, +2, +2, -7, -7, -7, -7, -7, -7, 17, 3,  9),
(139, 'バイ',               8, 13, 23, 10, 14, 13, 15, -7, -7, -7, +3, -7, -7, -7, -7, -7, -7, -7, 17, 4,  9),
(140, 'オセイ',             9, 14, 22, 11, 21, 14, 16, +2, -7, -7, +2, -7, -7, -7, -7, -7, -7, -7, 17, 5,  9),
(141, 'ランガリ',          10, 15, 21, 11, 16, 13, 14, -7, +2, -7, +2, -7, -7, -7, -7, -7, -7, -7, 17, 6,  9),
(142, 'ケチェワ',          14, 12, 24, 11, 13, 12, 17, -7, -7, -7, +3, -7, -7, -7, -7, -7, -7, -7, 17, 7,  9),
(143, 'ガダフム',          12, 12, 25, 10, 14, 14, 14, -7, -7, +2, +2, -7, -7, -7, -7, -7, -7, -7, 17, 8,  9),
(144, 'アルタン',          12, 17, 19, 15, 12, 17, 13, +1, +1, +1, +1, -7, -7, -7, -7, -5, -7, -7, 18, 1,  5),
(145, 'ガルタン',          11, 18, 17, 15, 11, 16, 14, -7, -7, +2, +2, +2, -7, -7, -7, -7, -7, -7, 18, 2,  4),
(146, 'バツー',            13, 16, 20, 16, 13, 16, 13, +1, -7, +1, +1, -7, -7, -7, -7, -7, -7, -7, 18, 3,  4),
(147, 'エセン',             9, 17, 18, 16, 18, 17, 12, -7, -7, +1, +1, +1, -7, -7, +1, -7, -7, -7, 18, 4,  0),
(148, 'ダヤン',            11, 18, 18, 17, 10, 15, 13, +1, -7, +1, +1, -7, -7, -7, -7, -6, -7, -7, 18, 5,  4),
(149, 'アクダ',            10, 15, 19, 18, 11, 18, 12, -7, -7, +2, +2, +2, -7, -7, -7, -7, -7, -7, 18, 6,  4),
(150, 'アボキ',            10, 17, 18, 15, 13, 16, 15, -7, -7, +1, +1, -7, -7, -7, -7, -6, -7, -7, 18, 7,  5),
(151, 'ボクトツ',          11, 18, 16, 15, 12, 17, 14, -7, -7, +2, +2, -7, -7, -7, -7, -7, -7, -7, 18, 8,  4),
(152, 'ファティマ',         8, 15, 18, 18, 23, 17, 13, +2, -7, +2, +2, -7, -7, -7, -7, -5, -7, -7, 19, 1,  9),
(153, 'ベスマ',             9, 16, 17, 18, 12, 16, 15, -7, -7, +1, +1, -7, -6, -7, -7, -7, -7, -7, 19, 2,  9),
(154, 'アリア',             9, 14, 19, 20, 10, 16, 13, -7, -7, +1, +1, -7, -7, -7, -7, -7, -7, -7, 19, 3,  9),
(155, 'ミズラ',            10, 14, 19, 17, 13, 18, 14, -7, -7, +2, +2, -7, -7, -7, -7, -5, -7, -7, 19, 4,  9),
(156, 'アズィーザ',         6, 14, 18, 18, 11, 17, 15, -7, -7, +1, +1, +1, -7, -7, -7, -7, -7, -7, 19, 5,  6),
(157, 'ドニヤ',            10, 15, 19, 19, 13, 16, 13, -7, -7, +2, +2, -7, -7, -7, -7, -7, -7, -7, 19, 6,  1),
(158, 'ノーズハトゥ',      11, 12, 20, 16, 11, 19, 14, -7, -7, +1, +1, -7, -7, -7, -6, -7, -7, -7, 19, 7,  9),
(159, 'シャハラザード',    12, 14, 20, 17, 12, 18, 14, -7, -7, +2, +2, -7, -7, -7, -7, -6, -7, -7, 19, 8,  9),
(160, 'ゲオルグ',          14, 21, 13, 16, 10, 11, 18, +5, +5, +5, -7, -7, -7, +4, -7, -7, -7, -7, 20, 1,  5),
(161, 'ピーター',          13, 20, 14, 15, 11, 13, 17, +3, +3, -7, -7, -7, -7, -7, +2, -7, -7, -7, 20, 2, 12),
(162, 'ポール',            15, 22, 12, 15, 10, 12, 19, +3, -7, -7, -7, -7, -7, +2, -7, -7, -7, -7, 20, 3,  5),
(163, 'ジェイコブ',        12, 21, 13, 15, 10, 13, 18, +2, +2, -7, -7, -7, -7, -7, -7, +1, -7, -7, 20, 4,  5),
(164, 'ベネディクト',      13, 20, 14, 18, 10, 11, 17, +2, -7, -7, -7, -7, -7, +2, -7, -7, -7, -7, 20, 5,  0),
(165, 'バランタイン',      15, 22, 13, 17, 11, 12, 16, +4, -7, -7, -7, -7, -7, -7, -7, +2, -7, -7, 20, 6, 12),
(166, 'ウルバン',          12, 21, 12, 15, 10, 14, 17, +2, -7, -7, -7, -7, -7, -7, +1, -7, +1, -7, 20, 7,  5),
(167, 'クリストフ',        14, 21, 12, 15, 10, 12, 20, +3, -7, -7, -7, +3, -7, -7, -7, +3, -7, -7, 20, 8,  1),
(168, 'ソフィア',          12, 12, 11, 24, 13, 12, 12, -7, -7, +1, -7, -7, -7, +4, -7, -7, +4, -7, 21, 1,  6),
(169, 'アガタ',            11, 13, 12, 22, 13, 12, 12, -7, -7, +1, -7, -7, -7, +1, -7, -7, +1, -7, 21, 2, 13),
(170, 'モニカ',             8, 12, 12, 23, 13, 11, 12, -7, -7, +2, -7, -7, -7, +2, -7, -7, +2, -7, 21, 3, 13),
(171, 'ガートルード',      13, 14, 11, 22, 12, 13, 11, -7, -7, +1, -7, -7, -7, +1, -7, -7, +1, -7, 21, 4, 13),
(172, 'バルバラ',          11, 13, 10, 22, 13, 14, 14, -7, -7, +1, -7, -7, -7, +1, -7, -7, +1, -7, 21, 5,  6),
(173, 'マチルダ',          12, 14, 12, 21, 12, 13, 13, -7, -7, +2, -7, -7, -7, +2, -7, -7, +2, -7, 21, 6,  6),
(174, 'マグダレーナ',      14, 13, 14, 22, 12, 11, 12, -7, -7, +1, -7, -7, -7, +1, -7, -7, +1, -7, 21, 7, 13),
(175, 'マリア',            12, 13, 11, 23, 11, 12, 13, -7, -7, +1, -7, -7, -7, +3, -7, -7, +3, -7, 21, 8,  6),
(176, 'ナタリー',           8, 15, 16, 18, 13, 19, 17, -7, -3, -7, -7, -7, -7, -7, +2, -7, +2, -7, 22, 1, 13),
(177, 'マライア',           6, 16, 14, 19, 14, 18, 19, -7, -3, -7, -7, -7, -7, -7, +2, -7, +2, -7, 22, 2, 13),
(178, 'ジャニス',           7, 14, 15, 18, 11, 19, 16, -7, -4, -7, -7, -7, -7, -7, +4, -7, +4, -7, 22, 3, 13),
(179, 'オリヴィア',         6, 15, 16, 16, 12, 18, 18, -7, -3, -7, -7, -7, -7, -7, +1, -7, +1, -7, 22, 4,  6),
(180, 'ケイト',             9, 14, 17, 18, 12, 20, 17, -7, -3, -7, -7, -7, -7, -7, +2, -7, +2, -7, 22, 5, 13),
(181, 'サラ',               8, 16, 14, 18, 13, 17, 18, -7, -3, -7, -7, -7, -7, -7, +1, -7, +1, -7, 22, 6, 13),
(182, 'デビー',            11, 17, 15, 17, 12, 19, 19, -7, -3, -7, -7, -7, -7, -7, +2, -7, +2, -7, 22, 7, 13),
(183, 'リンダ',             8, 14, 17, 18, 22, 18, 17, -7, -4, -7, -7, -7, -7, -7, +2, -7, +2, -7, 22, 8, 13),
(184, 'エンリケ',          13, 17, 16, 12, 13, 21, 15, -7, -7, +2, +2, -7, -7, -4, -7, -7, -7, -7, 23, 1,  4),
(185, 'マゼラン',          12, 18, 14, 13, 16, 20, 17, -7, -7, +3, -7, +3, -7, -7, -7, -7, -7, -7, 23, 2,  5),
(186, 'ガマ',              14, 17, 15, 12, 15, 22, 15, +2, -7, +2, -7, -7, -7, -7, -7, -7, -7, -7, 23, 3,  9),
(187, 'マハン',            11, 17, 17, 11, 16, 20, 16, -7, -7, +2, +2, -7, -7, -3, -7, -7, -7, -7, 23, 4,  5),
(188, 'フィッシャー',      13, 18, 14, 12, 20, 20, 17, -7, -7, +2, -7, +2, -7, -7, -7, -7, -7, -7, 23, 5,  4),
(189, 'ティルピッツ',       9, 19, 15, 11, 14, 21, 16, -7, +2, +2, -7, -7, -7, -7, -7, -7, -7, -7, 23, 6,  5),
(190, 'テイワ',            12, 16, 18, 11, 15, 20, 16, -7, -7, +1, +1, -7, -7, -3, -7, -7, -7, -7, 23, 7,  4),
(191, 'ドレイク',          15, 18, 16, 10, 21, 22, 15, +1, -7, +1, +1, -7, -7, -7, -2, -7, -7, -7, 23, 8,  0),
(192, 'エイリーク',        13, 18, 14, 12, 11, 12, 21, -7, -7, +3, -7, -7, -7, -7, -7, -7, -7, -7, 24, 1,  6),
(193, 'ハールファグル',    12, 19, 13, 13, 10, 13, 20, -7, -7, +1, -7, +1, -7, -7, -7, -7, -7, -7, 24, 2,  6),
(194, 'パールナ',          14, 18, 13, 11, 10, 14, 21, -7, -7, +2, -7, +2, -7, -7, -7, -7, -7, -7, 24, 3, 11),
(195, 'アリンビョルン',    12, 17, 14, 12, 12, 13, 22, -7, -7, +3, -7, -7, -7, -7, -7, -7, -7, -7, 24, 4,  6),
(196, 'エギル',            14, 19, 11, 13, 11, 15, 21, -7, -7, +1, -7, +1, -7, -7, -7, -7, -7, -7, 24, 5, 10),
(197, 'オーラーヴ',        11, 17, 13, 11, 10, 11, 22, -7, -7, +2, -7, +2, -7, -7, -7, -7, -7, -7, 24, 6,  6),
(198, 'シグルズ',          10, 16, 14, 13, 13, 12, 20, -7, -7, +3, -7, -7, -7, -7, -7, -7, -7, -7, 24, 7,  6),
(199, 'スノリ',            12, 18, 12, 11, 12, 14, 21, -7, -7, +5, -7, +5, -7, -7, -7, -7, -7, -7, 24, 8, 10),
(200, 'カール',            16, 17, 14, 11, 12, 14, 23, -7, -7, -7, -7, +2, -7, -7, -7, -7, -7, -7, 25, 1, 11),
(201, 'フリッツ',          14, 19, 11, 10, 11, 15, 22, -7, -7, -7, -7, +1, -7, -7, -7, -7, -7, -7, 25, 2, 11),
(202, 'ダイナマイト',      28, 18, 12, 10, 13, 16, 21, -7, -7, -7, -7, +2, -7, -7, -7, -7, -7, -7, 25, 3, 11),
(203, 'テリー',            13, 17, 13, 11, 12, 14, 23, -7, -7, -7, -7, +3, -7, -7, -7, -7, -7, -7, 25, 4, 11),
(204, 'ブルーザー',        14, 19, 11, 10, 10, 15, 24, -7, -7, -7, -7, +1, -7, -7, -7, -7, -7, -7, 25, 5, 11),
(205, 'ベイダー',          16, 23, 10, 10, 10, 10, 25, -7, -7, -7, -7, +4, -7, -7, -7, -7, -7, -7, 25, 6, 11),
(206, 'ハセ',              19, 17, 13, 11, 11, 16, 23, -7, -7, -7, -7, +2, -7, -7, -7, -7, -7, -7, 25, 7, 11),
(207, 'ライガー',          13, 18, 14, 10, 11, 18, 19, -7, -7, -7, -7, +3, -7, -7, -7, -7, -7, -7, 25, 8, 10),
(208, 'スパロー',          12, 15, 19, 12, 11, 19, 15, +1, -7, -7, +1, -7, -7, -7, -7, -7, -7, -7, 26, 1,  9),
(209, 'クロウ',             9, 16, 18, 13, 12, 21, 14, +1, +1, -7, -7, -7, -7, -7, -7, -7, -7, -7, 26, 2,  8),
(210, 'ロビン',            13, 15, 19, 13, 11, 19, 15, +2, -7, -7, -7, -7, -7, -7, -7, -7, -7, -7, 26, 3,  1),
(211, 'ピジョン',          11, 16, 18, 11, 13, 20, 16, +1, +1, -7, -7, -7, -7, -7, -7, -7, -7, -7, 26, 4,  1),
(212, 'スターリング',      10, 17, 18, 11, 23, 19, 14, +1, +1, -7, -7, -7, -7, -7, -7, -7, -7, -7, 26, 5,  0),
(213, 'スイフト',           8, 16, 17, 12, 16, 20, 15, +1, +1, -7, -7, -7, -7, -7, -7, -3, -7, -7, 26, 6,  8),
(214, 'スラッシュ',         7, 16, 18, 14, 15, 19, 14, +2, -7, -7, -7, -7, -7, -7, -7, -7, -7, -7, 26, 7,  0),
(215, 'ファルコン',        10, 15, 17, 13, 12, 21, 13, +0, +0, -7, +0, -7, -7, -7, -7, -7, -7, -7, 26, 8,  9),
(216, 'キャット',           9, 15, 18, 13, 24, 22, 12, -7, +1, -7, -7, +1, -7, -7, -7, -7, +0, -7, 27, 1, 11),
(217, 'ビーバー',          11, 13, 18, 15, 11, 19, 13, -7, +2, -7, -7, -7, -7, -4, -7, -7, -7, -7, 27, 2,  8),
(218, 'バジャー',           8, 13, 17, 16, 15, 18, 12, -7, +1, -7, +1, -7, -7, -7, -7, -7, -7, -7, 27, 3,  9),
(219, 'マウス',             9, 13, 18, 17, 12, 18, 11, -7, +1, -7, +1, -7, -7, -7, -7, -7, -7, -7, 27, 4,  8),
(220, 'ラビット',           7, 14, 17, 13, 23, 21, 10, -7, +3, -7, -7, -7, -7, -7, -7, -7, -6, -7, 27, 5,  0),
(221, 'フェレット',         9, 15, 18, 14, 16, 19, 11, -7, +1, -7, -7, -7, -7, -7, +2, -7, -7, -7, 27, 6,  0),
(222, 'ウィーゼル',         6, 13, 18, 15, 18, 20, 10, -7, +1, -7, +1, -7, -7, -7, -7, -7, -7, -7, 27, 7,  8),
(223, 'フォックス',         8, 13, 20, 16, 15, 19, 10, -7, +2, -7, -7, -7, -7, -7, -7, -7, -7, -7, 27, 8,  8),
(224, 'ケルート',          13, 22, 10, 18, 13, 11, 20, -7, -7, +2, -7, +2, +3, -7, -7, -7, -7, -7, 28, 1,  4),
(225, 'タンボラ',          12, 23, 11, 19, 12, 10, 21, -7, -7, +2, -7, +2, +4, -7, -7, -7, -7, -7, 28, 2,  6),
(226, 'ガルンガン',        11, 22, 10, 18, 11, 12, 21, -7, -7, +3, -7, +3, +3, -7, -7, -7, -7, -7, 28, 3, 11),
(227, 'アウ',              14, 24, 12, 17, 12, 11, 20, -7, -7, +2, -7, +2, +5, -7, -7, -7, -7, -7, 28, 4, 11),
(228, 'メラピ',            12, 21, 11, 16, 13, 10, 22, -7, +2, +2, -7, +2, +4, -7, -7, -7, -7, -7, 28, 5,  6),
(229, 'アグン',            13, 22, 10, 17, 16, 12, 21, -7, -7, +2, -7, +2, +3, -7, -7, -7, -7, -7, 28, 6,  4),
(230, 'ソプタン',          11, 21, 11, 19, 11, 12, 22, -7, -7, +2, -7, +2, +2, -7, -7, -7, -7, -7, 28, 7,  3),
(231, 'パパンダヤン',      14, 21, 10, 18, 12, 14, 21, -7, -7, +3, -7, +3, +3, -7, -7, -7, -7, -7, 28, 8, 11),
(232, 'シエロ',            12, 10, 21, 18, 14, 11, 22, -7, +3, -7, -7, -7, -7, -7, -7, +4, -7, -7, 29, 1,  8),
(233, 'レゴ',              13, 12, 22, 19, 15, 10, 20, -7, +1, -7, -7, +1, -7, -7, -7, +3, -7, -7, 29, 2,  8),
(234, 'チェルノ',          15, 11, 21, 18, 13, 12, 21, -7, +1, +1, -7, -7, -7, -7, -7, +2, -7, -7, 29, 3,  8),
(235, 'ポド',              12, 10, 22, 17, 12, 11, 21, -7, +0, -7, -7, -7, -7, -7, -7, +5, -7, -7, 29, 4,  8),
(236, 'ラト',              14, 11, 20, 20, 11, 11, 22, -7, +2, -7, -7, +2, -7, -7, -7, +3, -7, -7, 29, 5,  8),
(237, 'グライ',            11, 12, 22, 17, 12, 12, 20, -7, +1, -7, -7, -7, -7, -7, -7, +4, -7, -7, 29, 6,  8),
(238, 'バーティ',          13, 10, 21, 16, 19, 11, 23, -7, +1, -7, -7, +1, -7, -7, -7, +5, -7, -7, 29, 7,  8),
(239, 'ブルニ',            12, 11, 23, 18, 14, 12, 21, -7, +2, -7, -7, +2, -7, -7, -7, +3, -7, -7, 29, 8,  8),
(240, 'テティス',           8, 10, 22, 19, 14, 21, 10, -7, -7, -2, -7, -7, -7, +4, -7, -7, -7, -7, 30, 1, 13),
(241, 'ペルーサ',           9, 10, 21, 17, 13, 20, 10, -7, -7, -3, -7, -7, -7, +5, -7, -7, -7, -7, 30, 2,  6),
(242, 'リューシアナッサ',   9, 10, 23, 18, 15, 22, 10, -7, -7, -2, -7, -7, -7, +5, -7, -7, -7, -7, 30, 3, 13),
(243, 'メリテー',           7, 10, 22, 17, 13, 21, 10, -7, -7, -4, -7, -7, -7, +4, -7, -7, -7, -7, 30, 4, 13),
(244, 'アムピトリーテ',    10, 10, 21, 20, 14, 23, 10, -7, -7, -3, -7, -7, -7, +5, -7, -7, -7, -7, 30, 5, 13),
(245, 'ナウシトエ',         9, 10, 25, 17, 13, 21, 10, -7, -7, -2, -7, -7, -7, +4, -7, -7, -7, -7, 30, 6, 13),
(246, 'サオー',             7, 10, 21, 18, 14, 22, 10, -7, -7, -3, -7, -7, -7, +3, -7, -7, -7, -7, 30, 7,  6),
(247, 'ガラテイア',         9, 10, 24, 19, 18, 20, 10, -7, -7, -1, -7, -7, -7, +5, -7, -7, -7, -7, 30, 8, 13),
(248, 'ウィンディ',         7, 10, 17, 21, 13, 20, 10, -7, -7, -7, +0, -7, -7, -7, +5, -7, -7, -7, 31, 1,  9),
(249, 'クラウディア',       6, 10, 18, 21, 12, 24, 10, -7, -7, -7, -2, -7, -7, -7, +3, -7, -7, -7, 31, 2,  9),
(250, 'スカイア',           8, 10, 19, 24, 11, 21, 10, -7, -7, -7, -7, -7, -7, -7, +5, -7, -7, -7, 31, 3,  9),
(251, 'ブレズィア',         7, 10, 17, 23, 13, 20, 10, -7, -7, -7, -3, -7, -7, -7, +4, -7, -7, -7, 31, 4,  9),
(252, 'ゲイル',             6, 10, 18, 23, 15, 22, 10, -7, -7, -7, -1, -7, -7, -7, +4, -7, -7, -7, 31, 5,  9),
(253, 'エア',               8, 10, 17, 24, 12, 21, 10, -7, -7, -7, -7, -7, -7, -7, +6, -7, -7, -7, 31, 6,  9),
(254, 'ストーミー',         7, 10, 19, 24, 15, 20, 10, -7, -7, -7, -7, -7, -7, -7, +7, -7, -7, -7, 31, 7,  9),
(255, 'ナディール',         9, 10, 20, 23, 13, 23, 10, -7, -7, -7, -7, -7, -7, -7, +5, -7, -7, -7, 31, 8,  9),
(300, '最終皇帝(男)',      19, 25, 23, 23, 15, 24, 21, 10,  5,  5,  5,  5,  0,  0,  0,  0, 10,  0, 40, 0,  1),
(301, '最終皇帝(女)',      10, 23, 24, 24, 15, 25, 20, 10,  5,  5,  5,  5,  0,  0,  0,  0, 10,  0, 40, 0,  1),
(302, 'レオン',            19, 19, 17, 20, 12, 14, 20,  5,  2,  0,  0,  0,  0,  0,  0,  0,  2,  0, 40, 0, 14),
(303, 'ジェラール',        16, 17, 22, 19, 11, 20, 11,  0,  0,  0,  0,  0,  0,  0,  0,  0,  0,  0, 40, 0, 13),
(304, 'コッペリア',        99, 20, 20, 15, 15, 20, 20, 15, 15, 15, 15, 15,  0,  0,  0,  0,  0,  0, 40, 0, 14);

-- -----------------------------------------------------------------------------
CREATE TABLE weapon_type (
    weapon_type_id   integer NOT NULL,
    weapon_type_name text    NOT NULL,
    PRIMARY KEY (weapon_type_id)
);

INSERT INTO weapon_type(weapon_type_id, weapon_type_name) VALUES
(0, '剣'),
(1, '大剣'),
(2, '斧'),
(3, '棍棒'),
(4, '槍'),
(5, '小剣'),
(6, '弓'),
(7, '体術');

-- -----------------------------------------------------------------------------
CREATE TABLE weapon (
    weapon_id      integer NOT NULL,
    weapon_name    text    NOT NULL,
    atk            integer NOT NULL,
    atk_display    integer NOT NULL,
    weight         integer NOT NULL,
    price          integer NOT NULL,
    weapon_type_id integer NOT NULL,
    PRIMARY KEY (weapon_id),
    FOREIGN KEY (weapon_type_id)
        REFERENCES weapon_type (weapon_type_id) MATCH SIMPLE
        ON UPDATE CASCADE
        ON DELETE NO ACTION
);

INSERT INTO weapon(
    weapon_id, weapon_name,
    atk, atk_display, weight, price, weapon_type_id) VALUES
( 0, '長剣',              8,  8,  2,   800, 0),
( 1, 'ゴブリンソード',    4,  4,  2,   600, 0),
( 2, '鋼鉄の剣',         11, 11,  2,  1100, 0),
( 3, 'ワームスレイヤー', 17, 17,  2,  1700, 0),
( 4, 'ハルモニアの剣',   25, 25,  2,  2700, 0),
( 5, '三日月刀',         19, 19,  1,  1900, 0),
( 6, 'スペクターソード', 23, 23,  3,  2800, 0),
( 7, '炎の剣',           30, 30,  2,  4600, 0),
( 8, 'スプラッシャー',   29, 29,  2,  4800, 0),
( 9, '黒曜石の剣',       45, 45,  2, 10000, 0),
(10, '幻獣剣',           37, 37,  0,  8600, 0),
(11, '竜鱗の剣',         60, 60,  2, 29700, 0),
(13, '風神剣',           35, 35,  0,  4600, 0),
(14, '大剣',             12, 12,  3,  1100, 1),
(15, 'クレイモア',       20, 20,  3,  1100, 1),
(16, 'ツヴァイハンダー', 35, 35,  3,  2000, 1),
(17, '青竜刀',           22, 22,  3,  2800, 1),
(18, 'トリプルソード',   33, 33,  3,  3500, 1),
(19, 'クロスクレイモア', 55, 55,  3,  6200, 1),
(20, '名刀千鳥',         32, 32,  3,  7700, 1),
(21, 'デイブレード',     45, 45,  3, 13100, 1),
(22, 'ムーンライト',     45, 45,  3, 13100, 1),
(23, 'オートクレール',   35, 50,  3, 51900, 1),
(24, '妖刀龍光',         10, 10,  3,   700, 1),
(25, 'ヴォーパルソード', 42, 42,  3,  6600, 1),
(26, 'バスタードソード', 16, 16,  3,   500, 1),
(27, 'カタナ',           24, 24,  3,  3000, 1),
(28, '戦斧',             12, 12,  3,  1000, 2),
(29, 'ブロードアクス',   22, 24,  3,  1700, 2),
(30, 'レディホーク',     19, 19,  2,  1800, 2),
(31, 'バイキングアクス', 20, 20,  2,  4100, 2),
(32, 'トアマリンの斧',   29, 29,  3,  5300, 2),
(33, 'グレートアクス',   41, 42,  3,  5900, 2),
(34, 'ヴォーパルアクス', 13, 13,  4,  6600, 2),
(35, 'アメジストの斧',   36, 36,  3, 22500, 2),
(37, 'デストロイヤー',   40, 40,  3, 43800, 2),
(38, 'メイス',            7,  7,  1,   700, 3),
(39, 'バトルハンマー',   16, 16,  2,  1500, 3),
(40, 'シルバーハンマー', 23, 28,  2,  1600, 3),
(41, 'タンブラーロッド', 10, 10,  1,  1200, 3),
(42, 'スリッジハンマー', 25, 25, 15,  2700, 3),
(43, 'スカルロッド',      8,  8,  1,  1400, 3),
(44, 'アンバーメイス',   40, 45,  2,  4600, 3),
(45, 'セージロッド',     16, 16,  1,  1600, 3),
(46, 'リバティスタッフ', 28, 28,  1,  3100, 3),
(47, 'ホーリーバスター', 40, 40,  3, 10000, 3),
(48, '棍棒',             12, 12,  6,   500, 3),
(49, 'コムルーンハンマ', 24, 24,  1,   500, 3),
(50, 'ロングスピア',     11, 11,  1,  1000, 4),
(51, 'トライデント',     18, 18,  1,  1600, 4),
(52, 'なぎなた',         21, 21,  2,  2100, 4),
(53, 'ハルベルト',       36, 36,  2,  3000, 4),
(54, '金剛石の槍',       24, 24,  1,  4100, 4),
(56, 'ランサー',         33, 33,  1,  4600, 4),
(57, '黒曜石の槍',       47, 49,  1,  7700, 4),
(58, '青水晶の槍',       32, 32,  2, 17200, 4),
(59, '重水の槍',         38, 38,  7, 22500, 4),
(60, '竜槍ゲイボルグ',   44, 44,  2, 14600, 4),
(61, '神槍ロンギヌス',   45, 45,  2, 29700, 4),
(64, 'フルーレ',          6,  6,  1,   600, 5),
(65, 'レイピア',         11, 11,  1,   900, 5),
(66, 'エペ',             21, 23,  2,  1700, 5),
(67, 'ロブオーメン',     17, 17,  1,  1500, 5),
(68, 'カットラス',       23, 21,  1,  2000, 5),
(69, 'エストック',       36, 38,  2,  3500, 5),
(70, 'ソウルセイバー',   20, 20,  1,  8600, 5),
(71, '赤水晶のロッド',   18, 22,  1, 17200, 5),
(72, 'イロリナの星',     30, 30,  2, 10000, 5),
(74, '長弓',              7,  7,  3,   800, 6),
(75, '強化弓',           19, 19,  3,  1000, 6),
(76, 'ウインクキラー',   20, 20,  3,  2000, 6),
(77, '剛弓',             37, 37,  3,  3500, 6),
(78, 'グリムリーパー',   27, 27,  3,  6600, 6),
(79, '星天弓',           35, 35,  3, 13100, 6),
(80, 'エルダーボウ',     11, 11,  2,   500, 6),
(87, '爪',               18, 18,  0,   500, 7);

-- -----------------------------------------------------------------------------
CREATE TABLE waza (
    waza_id        integer NOT NULL,
    waza_name      text    NOT NULL,
    wp             integer NOT NULL,
    atk            integer NOT NULL,
    num_of_atk     integer NOT NULL,
    weapon_type_id integer NOT NULL,
    PRIMARY KEY (waza_id),
    FOREIGN KEY (weapon_type_id)
        REFERENCES weapon_type (weapon_type_id) MATCH SIMPLE
        ON UPDATE CASCADE
        ON DELETE NO ACTION
);

INSERT INTO waza(
        waza_id, waza_name, wp, atk, num_of_atk, weapon_type_id) VALUES
(  0, '(通常攻撃：剣)',   0, 3, 1, 0),
(  1, '(通常攻撃：大剣)', 0, 3, 1, 1),
(  2, '(通常攻撃：斧)',   0, 3, 1, 2),
(  3, '(通常攻撃：棍棒)', 0, 3, 1, 3),
(  4, '(通常攻撃：槍)',   0, 3, 1, 4),
(  5, '(通常攻撃：小剣)', 0, 3, 1, 5),
(  6, '(通常攻撃：弓)',   0, 3, 1, 6),
(  7, '(通常攻撃：爪)',   0, 3, 1, 7),
( 10, 'パンチ',           0, 3, 1, 7),
( 11, 'ファイナルストライク',     1, 12, 1, 0),
( 12, 'ダンシングソード',         5,  7, 1, 1),
( 13, 'シャッタースタッフ(攻撃)', 1, 15, 1, 3),
( 14, 'シャッタースタッフ(回復)', 1, 10, 1, 3),
( 15, 'なぎ払い',            0,  2, 1, 0),
( 16, 'パリイ',              0,  0, 1, 0),
( 17, '二段斬り',            2,  3, 2, 0),
( 18, '短冊斬り',            5,  3, 3, 0),
( 19, 'みじん斬り',          4,  7, 1, 0),
( 20, '線斬り',              7,  3, 4, 0),
( 21, '空圧波',              5,  5, 1, 0),
( 22, '十文字斬り',          3,  6, 1, 0),
( 23, 'つむじ風',            4,  6, 1, 0),
( 24, '音速剣',              5,  7, 1, 0),
( 25, '光速剣',              8, 10, 1, 0),
( 26, '真空斬り',           10, 10, 1, 0),
( 27, '残像剣',              7,  7, 1, 0),
( 28, '不動剣',             14, 14, 1, 0),
( 29, '落月破斬',            1,  4, 1, 0),
( 30, 'プロミネンス斬',      4,  7, 1, 0),
( 31, '風狼剣',              1,  5, 1, 0),
( 32, '咬竜剣',              7,  8, 1, 0),
( 33, 'サクション',          4,  3, 1, 0),
( 34, '分子分解',            5,  0, 1, 0),
( 35, 'スウォーム',          4,  5, 1, 0),
( 36, 'カマイタチ',          2,  5, 1, 0),
( 37, '稲妻斬り',            4,  6, 1, 0),
( 41, 'みね打ち',            0,  0, 1, 1),
( 42, '巻き打ち',            1,  4, 1, 1),
( 43, '強撃',                3,  6, 1, 1),
( 44, 'ディフレクト',        0,  0, 1, 1),
( 45, '切り落とし',          5,  6, 1, 1),
( 46, 'ツバメ返し',          9,  5, 2, 1),
( 47, '水鳥剣',              6,  6, 1, 1),
( 48, '無無剣',              5,  7, 1, 1),
( 49, '無明剣',             13, 14, 1, 1),
( 50, '流し斬り',            7,  6, 1, 1),
( 51, '乱れ雪月花',         12, 12, 1, 1),
( 52, '清流剣',              7,  8, 1, 1),
( 53, '活人剣',             15,  0, 1, 1),
( 54, '雷殺斬',              3,  7, 1, 1),
( 55, '聖光',                2,  4, 1, 1),
( 56, '月影',                3,  5, 1, 1),
( 57, '一刀両断',            9,  8, 1, 1),
( 58, '退魔神剣',            4,  5, 1, 1),
( 59, '殺虫剣',              3,  6, 1, 1),
( 60, '殺人剣',              6,  6, 1, 1),
( 62, 'アクスボンバー',      3,  5, 1, 2),
( 63, 'トマホーク',          1,  3, 1, 2),
( 64, '一人時間差',          4,  6, 1, 2),
( 65, 'ヨーヨー',            3,  3, 1, 2),
( 66, '大木断',              4,  6, 1, 2),
( 67, 'ブレードロール',      8,  8, 1, 2),
( 68, '次元断',              9,  0, 1, 2),
( 69, '高速ナブラ',          9,  5, 3, 2),
( 70, 'マキ割りスペシャル',  8, 11, 1, 2),
( 71, 'スカイドライブ',     11, 15, 1, 2),
( 72, 'フェザーシール',      1,  0, 1, 2),
( 73, '電光ブーメラン',      1,  5, 1, 2),
( 74, '死の舞い',            9,  0, 1, 2),
( 75, '幻体戦士法',         10,  0, 1, 2),
( 76, 'デストラクション',    7, 11, 1, 2),
( 78, '返し突き',            0,  4, 1, 3),
( 79, '脳天割り',            3,  5, 1, 3),
( 80, '骨砕き',              5,  6, 1, 3),
( 81, '削岩撃',              5,  4, 3, 3),
( 82, 'ダブルヒット',        4,  4, 2, 3),
( 83, '地裂撃',              5,  4, 1, 3),
( 84, 'グランドスラム',      7,  5, 1, 3),
( 85, 'オゾンビート',        5,  6, 1, 3),
( 86, 'フルフラット',        6,  7, 1, 3),
( 87, 'かめごうら割り',     12, 11, 1, 3),
( 88, 'ウェアバスター',      1,  5, 1, 3),
( 89, '動くな',              3,  0, 1, 3),
( 90, 'スペルエンハンス',    1,  0, 1, 3),
( 91, '祝福',                2,  0, 1, 3),
( 93, 'グランドバスター',    3,  5, 1, 3),
( 94, '足払い',              0,  0, 1, 4),
( 95, '二段突き',            2,  3, 2, 4),
( 96, '稲妻突き',            4,  6, 1, 4),
( 97, 'くし刺し',            4,  5, 1, 4),
( 98, 'チャージ',            3,  6, 1, 4),
( 99, 'エイミング',          1,  3, 1, 4),
(100, '風車',                2,  5, 1, 4),
(101, '一文字突き',          5,  7, 1, 4),
(102, '活殺化石衝',          6,  7, 1, 4),
(103, 'スパイラルチャージ', 10, 11, 1, 4),
(104, '活殺獣神衝',          8, 10, 1, 4),
(105, '無双三段',            9, 13, 1, 4),
(106, 'ポセイドンシュート',  2,  6, 1, 4),
(107, 'サンダーボルト',      5,  5, 1, 4),
(108, '下り飛竜',           10, 15, 1, 4),
(109, 'サイコバインド',      6,  6, 1, 4),
(112, 'フェイント',          0,  0, 1, 5),
(113, '感電衝',              1,  2, 1, 5),
(114, 'サイドワインダー',    3,  5, 1, 5),
(115, 'マリオネット',        6,  0, 1, 5),
(116, 'スネークショット',    6,  6, 1, 5),
(117, 'マタドール',          2,  6, 1, 5),
(118, '乱れ突き',            8,  4, 3, 5),
(119, 'プラズマスラスト',    4,  5, 1, 5),
(120, 'スクリュードライバ',  6,  7, 1, 5),
(121, '幻惑剣',              8,  9, 1, 5),
(122, 'ファイナルレター',   10, 12, 1, 5),
(124, 'マッドバイター',      1,  4, 1, 5),
(126, '火龍出水',            6,  0, 1, 5),
(130, '百花繚乱',            7,  8, 1, 5),
(133, '瞬速の矢',            3,  5, 1, 6),
(134, 'でたらめ矢',          2,  3, 1, 6),
(135, '影ぬい',              1,  0, 1, 6),
(136, 'ビーストスレイヤー',  4,  6, 1, 6),
(137, 'アローレイン',        4,  5, 1, 6),
(138, '二本射ち',            2,  3, 2, 6),
(139, 'イド・ブレイク',      3,  4, 1, 6),
(140, '影矢',                8,  6, 1, 6),
(141, 'バラージシュート',   10,  8, 1, 6),
(142, '落鳳破',              5,  7, 1, 6),
(143, 'イヅナ',             10, 12, 1, 6),
(144, 'ハートシーカー',      2,  0, 1, 6),
(145, '皆死ね矢',            7,  0, 1, 6),
(146, 'スターライトアロー',  8, 11, 1, 6),
(149, 'キック',              0,  4, 1, 7),
(150, 'ソバット',            2,  6, 1, 7),
(151, 'カウンター',          0,  6, 1, 7),
(152, 'ネコだまし',          0,  0, 1, 7),
(153, '集気法',              0,  3, 1, 7),
(154, '気弾',                3,  5, 1, 7),
(155, 'コークスクリュー',    4,  8, 1, 7),
(156, '不動金しばり',        2,  0, 1, 7),
(157, 'カポエラキック',      6,  9, 1, 7),
(158, 'マシンガンジャブ',    6,  6, 2, 7),
(159, 'ジョルトカウンター',  3,  9, 1, 7),
(160, 'クワドラブル',        9, 12, 1, 7),
(161, '活殺破邪法',          8, 10, 1, 7),
(162, '千手観音',           12,  9, 2, 7),
(163, 'サラマンダークロー',  1,  4, 1, 7),
(164, '赤竜波',              4,  7, 1, 7),
(167, 'ふみつけ',           16, 10, 1, 7),
(196, 'ベルセルク',          8,  0, 1, 7),
(197, '地獄爪殺法',          3,  5, 1, 7);

-- -----------------------------------------------------------------------------
CREATE TABLE spark_type_and_waza (
    spark_type_id integer NOT NULL,
    waza_id       integer NOT NULL,
    PRIMARY KEY (spark_type_id, waza_id),
    FOREIGN KEY (spark_type_id)
        REFERENCES spark_type (spark_type_id) MATCH SIMPLE
        ON UPDATE CASCADE
        ON DELETE NO ACTION,
    FOREIGN KEY (waza_id)
        REFERENCES waza (waza_id) MATCH SIMPLE
        ON UPDATE CASCADE
        ON DELETE NO ACTION
);

INSERT INTO spark_type_and_waza(spark_type_id, waza_id) VALUES
( 0,  16), ( 0,  17), ( 0,  18), ( 0,  19), ( 0,  20), ( 0,  21), ( 0,  22), ( 0,  23),
( 0,  24), ( 0,  26), ( 0,  27), ( 0,  28), ( 0,  29), ( 0,  30), ( 0,  31), ( 0,  32),
( 0,  33), ( 0,  34), ( 0,  35), ( 0,  36), ( 0,  37), ( 0,  42), ( 0,  43), ( 0,  44),
( 0,  45), ( 0,  47), ( 0,  48), ( 0,  49), ( 0,  50), ( 0,  51), ( 0,  52), ( 0,  54),
( 0,  55), ( 0,  56), ( 0,  57), ( 0,  58), ( 0,  59), ( 0,  60), ( 0,  62), ( 0,  63),
( 0,  64), ( 0,  66), ( 0,  69), ( 0,  70), ( 0,  72), ( 0,  73), ( 0,  74), ( 0,  75),
( 0,  76), ( 0,  78), ( 0,  80), ( 0,  82), ( 0,  83), ( 0,  88), ( 0,  89), ( 0,  90),
( 0,  91), ( 0,  93), ( 0,  94), ( 0,  98), ( 0,  99), ( 0, 100), ( 0, 101), ( 0, 104),
( 0, 106), ( 0, 107), ( 0, 108), ( 0, 109), ( 0, 113), ( 0, 116), ( 0, 117), ( 0, 118),
( 0, 119), ( 0, 120), ( 0, 121), ( 0, 122), ( 0, 124), ( 0, 126), ( 0, 130), ( 0, 133),
( 0, 134), ( 0, 135), ( 0, 137), ( 0, 138), ( 0, 144), ( 0, 145), ( 0, 146), ( 0, 150),
( 0, 151), ( 0, 153), ( 0, 154), ( 0, 155),
( 1,  16), ( 1,  17), ( 1,  18), ( 1,  19), ( 1,  20), ( 1,  21), ( 1,  22), ( 1,  23),
( 1,  24), ( 1,  25), ( 1,  27), ( 1,  28), ( 1,  29), ( 1,  30), ( 1,  31), ( 1,  32),
( 1,  33), ( 1,  34), ( 1,  35), ( 1,  36), ( 1,  37), ( 1,  44), ( 1,  45), ( 1,  47),
( 1,  48), ( 1,  50), ( 1,  52), ( 1,  54), ( 1,  55), ( 1,  56), ( 1,  57), ( 1,  58),
( 1,  59), ( 1,  60), ( 1,  62), ( 1,  63), ( 1,  72), ( 1,  73), ( 1,  74), ( 1,  75),
( 1,  76), ( 1,  78), ( 1,  80), ( 1,  82), ( 1,  83), ( 1,  88), ( 1,  89), ( 1,  90),
( 1,  91), ( 1,  93), ( 1,  94), ( 1,  96), ( 1,  98), ( 1,  99), ( 1, 100), ( 1, 101),
( 1, 102), ( 1, 106), ( 1, 107), ( 1, 108), ( 1, 109), ( 1, 113), ( 1, 116), ( 1, 117),
( 1, 118), ( 1, 119), ( 1, 124), ( 1, 126), ( 1, 130), ( 1, 133), ( 1, 134), ( 1, 135),
( 1, 137), ( 1, 138), ( 1, 144), ( 1, 145), ( 1, 146), ( 1, 150), ( 1, 151), ( 1, 153),
( 1, 154), ( 1, 158),
( 2,  16), ( 2,  17), ( 2,  18), ( 2,  20), ( 2,  21), ( 2,  22), ( 2,  23), ( 2,  24),
( 2,  26), ( 2,  28), ( 2,  29), ( 2,  30), ( 2,  31), ( 2,  32), ( 2,  33), ( 2,  34),
( 2,  35), ( 2,  36), ( 2,  37), ( 2,  42), ( 2,  44), ( 2,  45), ( 2,  46), ( 2,  47),
( 2,  48), ( 2,  49), ( 2,  50), ( 2,  51), ( 2,  52), ( 2,  53), ( 2,  54), ( 2,  55),
( 2,  56), ( 2,  57), ( 2,  58), ( 2,  59), ( 2,  60), ( 2,  62), ( 2,  63), ( 2,  66),
( 2,  69), ( 2,  70), ( 2,  72), ( 2,  73), ( 2,  74), ( 2,  75), ( 2,  76), ( 2,  78),
( 2,  80), ( 2,  82), ( 2,  83), ( 2,  88), ( 2,  89), ( 2,  90), ( 2,  91), ( 2,  93),
( 2,  94), ( 2,  96), ( 2,  98), ( 2,  99), ( 2, 100), ( 2, 101), ( 2, 105), ( 2, 106),
( 2, 107), ( 2, 108), ( 2, 109), ( 2, 113), ( 2, 116), ( 2, 117), ( 2, 118), ( 2, 121),
( 2, 124), ( 2, 126), ( 2, 130), ( 2, 133), ( 2, 134), ( 2, 135), ( 2, 137), ( 2, 138),
( 2, 140), ( 2, 142), ( 2, 144), ( 2, 145), ( 2, 146), ( 2, 150), ( 2, 151), ( 2, 152),
( 2, 153), ( 2, 154), ( 2, 156), ( 2, 161),
( 3,  16), ( 3,  17), ( 3,  21), ( 3,  22), ( 3,  23), ( 3,  24), ( 3,  26), ( 3,  29),
( 3,  30), ( 3,  31), ( 3,  32), ( 3,  33), ( 3,  34), ( 3,  35), ( 3,  36), ( 3,  37),
( 3,  42), ( 3,  43), ( 3,  44), ( 3,  45), ( 3,  47), ( 3,  48), ( 3,  50), ( 3,  51),
( 3,  52), ( 3,  54), ( 3,  55), ( 3,  56), ( 3,  57), ( 3,  58), ( 3,  59), ( 3,  60),
( 3,  62), ( 3,  63), ( 3,  66), ( 3,  67), ( 3,  70), ( 3,  72), ( 3,  73), ( 3,  74),
( 3,  75), ( 3,  76), ( 3,  78), ( 3,  80), ( 3,  82), ( 3,  83), ( 3,  88), ( 3,  89),
( 3,  90), ( 3,  91), ( 3,  93), ( 3,  94), ( 3,  98), ( 3,  99), ( 3, 100), ( 3, 101),
( 3, 106), ( 3, 107), ( 3, 108), ( 3, 109), ( 3, 116), ( 3, 117), ( 3, 118), ( 3, 120),
( 3, 124), ( 3, 126), ( 3, 130), ( 3, 133), ( 3, 134), ( 3, 135), ( 3, 137), ( 3, 138),
( 3, 144), ( 3, 145), ( 3, 146), ( 3, 150), ( 3, 151), ( 3, 153), ( 3, 154), ( 3, 155),
( 4,  16), ( 4,  19), ( 4,  21), ( 4,  22), ( 4,  23), ( 4,  24), ( 4,  29), ( 4,  30),
( 4,  31), ( 4,  32), ( 4,  33), ( 4,  34), ( 4,  35), ( 4,  36), ( 4,  37), ( 4,  43),
( 4,  44), ( 4,  45), ( 4,  47), ( 4,  48), ( 4,  54), ( 4,  55), ( 4,  56), ( 4,  57),
( 4,  58), ( 4,  59), ( 4,  60), ( 4,  62), ( 4,  63), ( 4,  64), ( 4,  65), ( 4,  66),
( 4,  67), ( 4,  68), ( 4,  69), ( 4,  70), ( 4,  71), ( 4,  72), ( 4,  73), ( 4,  74),
( 4,  75), ( 4,  76), ( 4,  80), ( 4,  81), ( 4,  82), ( 4,  83), ( 4,  84), ( 4,  87),
( 4,  88), ( 4,  89), ( 4,  90), ( 4,  91), ( 4,  93), ( 4,  94), ( 4,  98), ( 4,  99),
( 4, 100), ( 4, 101), ( 4, 106), ( 4, 107), ( 4, 108), ( 4, 109), ( 4, 116), ( 4, 117),
( 4, 118), ( 4, 124), ( 4, 126), ( 4, 130), ( 4, 133), ( 4, 134), ( 4, 135), ( 4, 137),
( 4, 138), ( 4, 144), ( 4, 145), ( 4, 146), ( 4, 150), ( 4, 151), ( 4, 153), ( 4, 154),
( 4, 155),
( 5,  16), ( 5,  19), ( 5,  21), ( 5,  22), ( 5,  23), ( 5,  24), ( 5,  26), ( 5,  29),
( 5,  30), ( 5,  31), ( 5,  32), ( 5,  33), ( 5,  34), ( 5,  35), ( 5,  36), ( 5,  37),
( 5,  43), ( 5,  44), ( 5,  45), ( 5,  47), ( 5,  48), ( 5,  51), ( 5,  54), ( 5,  55),
( 5,  56), ( 5,  57), ( 5,  58), ( 5,  59), ( 5,  60), ( 5,  62), ( 5,  63), ( 5,  64),
( 5,  65), ( 5,  66), ( 5,  67), ( 5,  68), ( 5,  69), ( 5,  70), ( 5,  71), ( 5,  72),
( 5,  73), ( 5,  74), ( 5,  75), ( 5,  76), ( 5,  80), ( 5,  82), ( 5,  83), ( 5,  84),
( 5,  85), ( 5,  87), ( 5,  88), ( 5,  89), ( 5,  90), ( 5,  91), ( 5,  93), ( 5,  94),
( 5,  96), ( 5,  97), ( 5,  98), ( 5,  99), ( 5, 100), ( 5, 101), ( 5, 102), ( 5, 103),
( 5, 104), ( 5, 105), ( 5, 106), ( 5, 107), ( 5, 108), ( 5, 109), ( 5, 113), ( 5, 115),
( 5, 116), ( 5, 117), ( 5, 118), ( 5, 119), ( 5, 124), ( 5, 126), ( 5, 130), ( 5, 133),
( 5, 134), ( 5, 135), ( 5, 137), ( 5, 144), ( 5, 145), ( 5, 146), ( 5, 150), ( 5, 151),
( 5, 153), ( 5, 154), ( 5, 155), ( 5, 161),
( 6,  16), ( 6,  19), ( 6,  21), ( 6,  22), ( 6,  23), ( 6,  24), ( 6,  29), ( 6,  30),
( 6,  31), ( 6,  32), ( 6,  33), ( 6,  34), ( 6,  35), ( 6,  36), ( 6,  37), ( 6,  43),
( 6,  44), ( 6,  47), ( 6,  48), ( 6,  54), ( 6,  55), ( 6,  56), ( 6,  57), ( 6,  58),
( 6,  59), ( 6,  60), ( 6,  62), ( 6,  63), ( 6,  66), ( 6,  70), ( 6,  72), ( 6,  73),
( 6,  74), ( 6,  75), ( 6,  76), ( 6,  78), ( 6,  80), ( 6,  81), ( 6,  82), ( 6,  83),
( 6,  84), ( 6,  85), ( 6,  86), ( 6,  87), ( 6,  88), ( 6,  89), ( 6,  90), ( 6,  91),
( 6,  93), ( 6,  94), ( 6,  98), ( 6,  99), ( 6, 100), ( 6, 101), ( 6, 106), ( 6, 107),
( 6, 108), ( 6, 109), ( 6, 116), ( 6, 117), ( 6, 118), ( 6, 124), ( 6, 126), ( 6, 130),
( 6, 133), ( 6, 134), ( 6, 137), ( 6, 144), ( 6, 145), ( 6, 146), ( 6, 150), ( 6, 151),
( 6, 152), ( 6, 153), ( 6, 154), ( 6, 155),
( 7,  16), ( 7,  21), ( 7,  22), ( 7,  23), ( 7,  24), ( 7,  29), ( 7,  30), ( 7,  31),
( 7,  32), ( 7,  33), ( 7,  34), ( 7,  35), ( 7,  36), ( 7,  37), ( 7,  43), ( 7,  44),
( 7,  47), ( 7,  48), ( 7,  54), ( 7,  55), ( 7,  56), ( 7,  57), ( 7,  58), ( 7,  59),
( 7,  60), ( 7,  62), ( 7,  63), ( 7,  66), ( 7,  70), ( 7,  72), ( 7,  73), ( 7,  74),
( 7,  75), ( 7,  76), ( 7,  78), ( 7,  80), ( 7,  82), ( 7,  83), ( 7,  88), ( 7,  89),
( 7,  90), ( 7,  91), ( 7,  93), ( 7,  94), ( 7,  96), ( 7,  97), ( 7,  98), ( 7,  99),
( 7, 100), ( 7, 101), ( 7, 102), ( 7, 103), ( 7, 104), ( 7, 105), ( 7, 106), ( 7, 107),
( 7, 108), ( 7, 109), ( 7, 116), ( 7, 117), ( 7, 118), ( 7, 120), ( 7, 124), ( 7, 126),
( 7, 130), ( 7, 133), ( 7, 134), ( 7, 137), ( 7, 144), ( 7, 145), ( 7, 146), ( 7, 150),
( 7, 151), ( 7, 153), ( 7, 154), ( 7, 155), ( 7, 161),
( 8,  16), ( 8,  21), ( 8,  22), ( 8,  23), ( 8,  24), ( 8,  25), ( 8,  26), ( 8,  29),
( 8,  30), ( 8,  31), ( 8,  32), ( 8,  33), ( 8,  34), ( 8,  35), ( 8,  36), ( 8,  37),
( 8,  44), ( 8,  47), ( 8,  48), ( 8,  54), ( 8,  55), ( 8,  56), ( 8,  57), ( 8,  58),
( 8,  59), ( 8,  60), ( 8,  62), ( 8,  63), ( 8,  72), ( 8,  73), ( 8,  74), ( 8,  75),
( 8,  76), ( 8,  78), ( 8,  80), ( 8,  82), ( 8,  83), ( 8,  88), ( 8,  89), ( 8,  90),
( 8,  91), ( 8,  93), ( 8,  94), ( 8,  97), ( 8,  98), ( 8,  99), ( 8, 100), ( 8, 101),
( 8, 103), ( 8, 106), ( 8, 107), ( 8, 108), ( 8, 109), ( 8, 113), ( 8, 115), ( 8, 116),
( 8, 117), ( 8, 118), ( 8, 119), ( 8, 120), ( 8, 121), ( 8, 122), ( 8, 124), ( 8, 126),
( 8, 130), ( 8, 133), ( 8, 134), ( 8, 136), ( 8, 137), ( 8, 138), ( 8, 143), ( 8, 144),
( 8, 145), ( 8, 146), ( 8, 150), ( 8, 151), ( 8, 153), ( 8, 154), ( 8, 155), ( 8, 158),
( 8, 159),
( 9,  16), ( 9,  21), ( 9,  22), ( 9,  23), ( 9,  24), ( 9,  26), ( 9,  29), ( 9,  30),
( 9,  31), ( 9,  32), ( 9,  33), ( 9,  34), ( 9,  35), ( 9,  36), ( 9,  37), ( 9,  44),
( 9,  47), ( 9,  48), ( 9,  54), ( 9,  55), ( 9,  56), ( 9,  57), ( 9,  58), ( 9,  59),
( 9,  60), ( 9,  62), ( 9,  63), ( 9,  72), ( 9,  73), ( 9,  74), ( 9,  75), ( 9,  76),
( 9,  80), ( 9,  82), ( 9,  83), ( 9,  88), ( 9,  89), ( 9,  90), ( 9,  91), ( 9,  93),
( 9,  94), ( 9,  98), ( 9,  99), ( 9, 100), ( 9, 101), ( 9, 106), ( 9, 107), ( 9, 108),
( 9, 109), ( 9, 116), ( 9, 117), ( 9, 118), ( 9, 121), ( 9, 124), ( 9, 126), ( 9, 130),
( 9, 133), ( 9, 134), ( 9, 135), ( 9, 136), ( 9, 137), ( 9, 138), ( 9, 140), ( 9, 141),
( 9, 142), ( 9, 143), ( 9, 144), ( 9, 145), ( 9, 146), ( 9, 150), ( 9, 151), ( 9, 153),
( 9, 154), ( 9, 155),
(10,  16), (10,  21), (10,  22), (10,  23), (10,  24), (10,  29), (10,  43), (10,  44),
(10,  46), (10,  47), (10,  48), (10,  52), (10,  62), (10,  63), (10,  66), (10,  67),
(10,  70), (10,  80), (10,  82), (10,  83), (10,  88), (10,  89), (10,  90), (10,  91),
(10,  93), (10,  94), (10,  98), (10,  99), (10, 100), (10, 101), (10, 102), (10, 104),
(10, 116), (10, 117), (10, 118), (10, 133), (10, 134), (10, 135), (10, 137), (10, 142),
(10, 144), (10, 145), (10, 146), (10, 150), (10, 151), (10, 152), (10, 153), (10, 154),
(10, 155), (10, 156), (10, 157), (10, 158), (10, 159), (10, 161), (10, 162), (10, 196),
(11,  16), (11,  21), (11,  22), (11,  23), (11,  24), (11,  29), (11,  43), (11,  44),
(11,  47), (11,  48), (11,  62), (11,  63), (11,  66), (11,  70), (11,  80), (11,  82),
(11,  83), (11,  88), (11,  89), (11,  90), (11,  91), (11,  93), (11,  94), (11,  98),
(11,  99), (11, 100), (11, 101), (11, 116), (11, 117), (11, 118), (11, 133), (11, 134),
(11, 135), (11, 137), (11, 144), (11, 145), (11, 146), (11, 150), (11, 151), (11, 153),
(11, 154), (11, 155), (11, 156), (11, 157), (11, 158), (11, 159), (11, 160), (11, 162),
(11, 196),
(12,  16), (12,  19), (12,  21), (12,  22), (12,  23), (12,  24), (12,  26), (12,  28),
(12,  29), (12,  30), (12,  31), (12,  32), (12,  33), (12,  34), (12,  35), (12,  36),
(12,  37), (12,  43), (12,  44), (12,  47), (12,  48), (12,  51), (12,  54), (12,  55),
(12,  56), (12,  57), (12,  58), (12,  59), (12,  60), (12,  62), (12,  63), (12,  66),
(12,  70), (12,  72), (12,  73), (12,  74), (12,  75), (12,  76), (12,  80), (12,  81),
(12,  82), (12,  83), (12,  85), (12,  88), (12,  89), (12,  90), (12,  91), (12,  93),
(12,  94), (12,  97), (12,  98), (12,  99), (12, 100), (12, 101), (12, 103), (12, 104),
(12, 106), (12, 107), (12, 108), (12, 109), (12, 116), (12, 117), (12, 118), (12, 120),
(12, 124), (12, 126), (12, 130), (12, 133), (12, 134), (12, 135), (12, 137), (12, 144),
(12, 145), (12, 146), (12, 150), (12, 151), (12, 153), (12, 154), (12, 155),
(13,  16), (13,  21), (13,  22), (13,  23), (13,  24), (13,  29), (13,  30), (13,  31),
(13,  32), (13,  33), (13,  34), (13,  35), (13,  36), (13,  37), (13,  43), (13,  44),
(13,  47), (13,  48), (13,  54), (13,  55), (13,  56), (13,  57), (13,  58), (13,  59),
(13,  60), (13,  62), (13,  63), (13,  66), (13,  70), (13,  72), (13,  73), (13,  74),
(13,  75), (13,  76), (13,  80), (13,  82), (13,  83), (13,  88), (13,  89), (13,  90),
(13,  91), (13,  93), (13,  94), (13,  98), (13,  99), (13, 100), (13, 101), (13, 106),
(13, 107), (13, 108), (13, 109), (13, 116), (13, 117), (13, 118), (13, 124), (13, 126),
(13, 130), (13, 133), (13, 134), (13, 135), (13, 137), (13, 144), (13, 145), (13, 146),
(13, 150), (13, 151), (13, 153), (13, 154),
(14,  16), (14,  29), (14,  30), (14,  31), (14,  32), (14,  33), (14,  34), (14,  35),
(14,  36), (14,  37), (14,  44), (14,  54), (14,  55), (14,  56), (14,  57), (14,  58),
(14,  59), (14,  60), (14,  72), (14,  73), (14,  74), (14,  75), (14,  76), (14,  88),
(14,  89), (14,  90), (14,  91), (14,  93), (14, 100), (14, 106), (14, 107), (14, 108),
(14, 109), (14, 117), (14, 124), (14, 126), (14, 130), (14, 144), (14, 145), (14, 146),
(14, 151), (14, 153);

-- -----------------------------------------------------------------------------
CREATE TABLE waza_of_weapon (
    waza_id      integer NOT NULL,
    weapon_id    integer NOT NULL,
    spark_status integer NOT NULL,
    PRIMARY KEY (waza_id, weapon_id),
    FOREIGN KEY (waza_id)
        REFERENCES waza(waza_id) MATCH SIMPLE
        ON UPDATE CASCADE
        ON DELETE NO ACTION,
    FOREIGN KEY (weapon_id)
        REFERENCES weapon(weapon_id) MATCH SIMPLE
        ON UPDATE CASCADE
        ON DELETE NO ACTION
);

INSERT INTO waza_of_weapon(waza_id, weapon_id, spark_status) VALUES
( 11,  1, 3),
( 11,  3, 3),
( 11,  6, 3),
( 11,  8, 3),
( 11, 67, 3),
( 12, 18, 3),
( 13, 41, 3),
( 13, 45, 3),
( 14, 46, 3),
( 29,  5, 1),
( 29, 17, 2),
( 29, 20, 2),
( 29, 24, 2),
( 29, 27, 2),
( 30,  7, 1),
( 31, 13, 1),
( 32, 13, 1),
( 33,  6, 1),
( 33, 70, 2),
( 34,  8, 1),
( 35,  3, 1),
( 35, 13, 1),
( 37, 13, 1),
( 54, 20, 1),
( 55, 21, 1),
( 55, 47, 2),
( 56, 22, 1),
( 57, 23, 1),
( 58, 24, 1),
( 59, 25, 1),
( 60, 25, 1),
( 72, 30, 1),
( 73, 32, 1),
( 74, 34, 1),
( 75, 35, 1),
( 76, 37, 1),
( 88, 40, 1),
( 89, 41, 1),
( 90, 45, 1),
( 91, 46, 1),
( 93, 49, 1),
(106, 51, 1),
(106, 56, 2),
(106, 59, 2),
(107, 58, 1),
(108, 60, 1),
(109, 61, 1),
(124, 67, 1),
(126, 71, 1),
(130, 72, 1),
(144, 76, 1),
(145, 78, 1),
(146, 79, 1),
(197, 87, 3);

-- -----------------------------------------------------------------------------
CREATE TABLE waza_derivation (
    from_waza_id integer NOT NULL,
    to_waza_id   integer NOT NULL,
    spark_level  integer NOT NULL,
    PRIMARY KEY (from_waza_id, to_waza_id),
    FOREIGN KEY (from_waza_id)
        REFERENCES waza(waza_id) MATCH SIMPLE
        ON UPDATE CASCADE
        ON DELETE NO ACTION,
    FOREIGN KEY (to_waza_id)
        REFERENCES waza(waza_id) MATCH SIMPLE
        ON UPDATE CASCADE
        ON DELETE NO ACTION
);

INSERT INTO waza_derivation(
        from_waza_id, to_waza_id, spark_level) VALUES
(  0,  17,  8),
(  0,  18, 19),
(  0,  19, 15),
(  0,  20, 27),
(  0,  21, 18),
(  0,  24, 25),
(  0,  25, 49),
(  0,  27, 30),
(  0,  28, 45),
(  0,  29,  7),
(  0,  35, 13),
(  0,  30, 20),
(  0,  31, 10),
(  0,  32, 31),
(  0,  33, 16),
(  0,  34, 17),
(  0,  36, 23),
(  0,  37, 35),
(  1,  42,  9),
(  1,  43, 12),
(  1,  45, 20),
(  1,  46, 40),
(  1,  47, 26),
(  1,  48, 25),
(  1,  50, 24),
(  1,  51, 41),
(  1,  52, 32),
(  1,  53, 44),
(  1,  54, 16),
(  1,  55, 14),
(  1,  56, 17),
(  1,  57, 35),
(  1,  58, 22),
(  1,  59, 19),
(  1,  60, 29),
(  1,  29, 12),
(  2,  62, 11),
(  2,  63,  6),
(  2,  64, 19),
(  2,  65, 45),
(  2,  66, 15),
(  2,  67, 27),
(  2,  68, 24),
(  2,  69, 36),
(  2,  70, 40),
(  2,  71, 46),
(  2,  72, 10),
(  2,  73, 25),
(  2,  74, 30),
(  2,  75, 28),
(  2,  76, 31),
(  3,  78,  5),
(  3,  80, 23),
(  3,  81, 25),
(  3,  82, 18),
(  3,  83, 15),
(  3,  85, 34),
(  3,  86, 26),
(  3,  88,  8),
(  3,  89, 10),
(  3,  90, 12),
(  3,  91, 13),
(  3,  55, 20),
(  3,  93, 15),
(  4,  94,  6),
(  4,  96, 22),
(  4,  97, 15),
(  4,  98, 18),
(  4,  99,  8),
(  4, 101, 20),
(  4, 102, 27),
(  4, 103, 48),
(  4, 104, 51),
(  4, 105, 40),
(  4, 106, 17),
(  4, 107, 24),
(  4, 108, 48),
(  4, 109, 32),
(  5, 114, 14),
(  5, 115, 25),
(  5, 116, 27),
(  5, 118, 30),
(  5, 119, 19),
(  5, 121, 25),
(  5, 122, 40),
(  5, 124, 15),
(  5, 126, 36),
(  5, 130, 23),
(  5, 120, 38),
(  6, 133, 21),
(  6, 134,  6),
(  6, 135, 10),
(  6, 136, 16),
(  6, 137, 26),
(  6, 138, 12),
(  6, 140, 33),
(  6, 141, 40),
(  6, 142, 22),
(  6, 143, 46),
(  6, 144, 19),
(  6, 145, 13),
( 10, 152,  5),
( 10, 154, 13),
( 10, 155, 20),
( 10, 156, 24),
( 10, 158, 26),
( 10, 161, 45),
( 15,  18, 15),
( 15,  22, 14),
( 15,  23, 20),
( 15,  26, 40),
( 17,  20, 23),
( 20,  19, 12),
( 20,  24, 30),
( 23,  26, 28),
( 24,  25, 35),
( 24,  27, 25),
( 31,  32, 25),
( 42,  45, 16),
( 43,  46, 34),
( 43,  54, 12),
( 43,  57, 25),
( 45,  46, 37),
( 46,  51, 37),
( 48,  49, 38),
( 50,  47, 21),
( 50,  52, 25),
( 59,  60, 21),
( 63,  65, 20),
( 63,  71, 38),
( 63,  73,  5),
( 64,  69, 28),
( 64,  70, 36),
( 66,  67, 20),
( 66,  68, 15),
( 67,  68, 14),
( 70,  76, 15),
( 79,  80, 16),
( 80,  87, 43),
( 82,  81, 20),
( 82,  87, 39),
( 83,  84, 29),
( 95, 105, 38),
( 96, 107, 14),
( 97, 106, 12),
( 98, 103, 39),
( 98, 108, 45),
( 99, 102, 20),
( 99, 104, 36),
(103, 108, 38),
(113, 119, 15),
(114, 116, 20),
(114, 120, 27),
(114, 124,  5),
(118, 119, 13),
(118, 130, 17),
(133, 143, 36),
(134, 137, 16),
(134, 141, 25),
(136, 142, 22),
(136, 144,  9),
(137, 146, 37),
(138, 140, 20),
(149, 150, 12),
(149, 157, 28),
(150, 157, 21),
(150, 160, 30),
(151, 159, 19),
(153, 196, 15),
(154, 156, 13),
(154, 161, 35),
(158, 162, 43),
(  0,  16,  5),
(  1,  44,  5),
(  4, 100,  9),
(  5, 117, 11),
( 10, 151,  8),
( 10, 153,  3);

-- -----------------------------------------------------------------------------
CREATE TABLE region (
    region_id          integer NOT NULL,
    region_name        text    NOT NULL,
    conquest_condition text    NOT NULL,
    PRIMARY KEY (region_id)
);

INSERT INTO region (region_id, region_name, conquest_condition) VALUES
( 0, '北バレンヌ',     '【初期状態で制圧済み】'),
( 1, '南バレンヌ',     '運河要塞のボスを倒す。'),
( 2, 'ルドン',         '宝石鉱山のボスを倒す。'),
( 3, 'ナゼール',       '南のダンジョンのボスを倒す → ムーの越冬地のサイゴ族に話しかける。'),
( 4, '氷海',           '【制圧不可】'),
( 5, '北ロンギット',   '武装商船団問題を解決する。ギャロンの反乱が発生している場合はギャロンを倒す。'),
( 6, '南ロンギット',   '沈没船のギャロンを倒す → トバの酒場の海女に話しかける。'),
( 7, 'カンバーランド', 'サイフリートの砦でサイフリートを倒す。'),
( 8, 'ステップ',       '地上戦間でボクオーンを倒す'),
( 9, 'メルー',         'テレルテバの中央の塔のボスを倒す。もしくは、左右いずれかの塔のボスを倒す → 移動湖でノエルを倒す or 和解する → 移動湖 or テレルテバの酒場のデザートガードに話しかける。'),
(10, 'アウストラス',   '【制圧不可】'),
(11, 'サバンナ',       '白アリの巣でクィーンを倒す → 南の集落のハンターに話しかける。'),
(12, 'コムルーン島',   'コムルーン火山の頂上でアイスシードを使う → ツキジマで町長か魔道士に話しかける。もしくは、魔道士の砦を出現させた状態で年代を経過させる → コムルーン火山の頂上で岩を倒す → ツキジマで町長に話しかける。'),
(13, 'サラマット',     'エイルネップの塔 or 沈んだ塔でロックブーケを倒す。'),
(14, 'ヤウダ',         '浮遊城でワグナスを倒す。'),
(15, 'トーレンス',     '【制圧不可】');

-- -----------------------------------------------------------------------------
CREATE TABLE place (
    place_id             integer NOT NULL,
    place_name           text    NOT NULL,
    -- appearance_condition text    NOT NULL,
    region_id            integer NOT NULL,
    PRIMARY KEY (place_id),
    FOREIGN KEY (region_id)
        REFERENCES region (region_id) MATCH SIMPLE
        ON UPDATE CASCADE
        ON DELETE NO ACTION
);

INSERT INTO place(place_id, place_name, region_id) VALUES
(  0, 'アバロン',         0),
(  1, '封印の地',         0),
(  2, '封印の地(深部)',   0),
(  3, 'ウオッチマンの巣', 0),
(  4, 'ゴブリンの穴',     0),
(  5, 'ソーモン',         0),
(  6, 'アバロン地下',     0),
( 10, '運河要塞',       1),
( 11, 'ミラマー',       1),
( 12, 'ニーベル',       1),
( 13, '龍の穴',         1),
( 14, 'モンスターの巣', 1),
( 20, 'ティファール',   2),
( 21, '宝石鉱山',       2),
( 22, '宝石鉱山(深部)', 2),
( 23, 'ルドン高原',     2),
( 24, 'ハリア半島',     2),
( 30, 'サイゴ族の村',   3),
( 31, 'ムーの越冬地',   3),
( 32, '東のダンジョン', 3),
( 33, '南のダンジョン', 3),
( 34, '子供と子ムー',   3),
( 35, '詩人のどうくつ', 3),
( 36, 'ナゼール海峡',   3),
( 40, 'ナゼール海峡',     4),
( 41, 'ムーの住みか',     4),
( 42, '氷の遺跡',         4),
( 43, '大氷原',           4),
( 44, 'ラストダンジョン', 4),
( 50, 'ミラマー',     5),
( 51, 'ヌオノ',       5),
( 52, 'モーベルム',   5),
( 53, 'メッシナ鉱山', 5),
( 54, 'ステップへ',   5),
( 55, '氷海',         5),
( 60, 'トバ',         6),
( 61, 'マーメイド',   6),
( 62, '魔女のほこら', 6),
( 63, '沈没船',       6),
( 64, 'メルー砂漠へ', 6),
( 70, 'ダグラス',         7),
( 71, 'フォーファー',     7),
( 72, 'ネラック城',       7),
( 73, 'サイフリートの砦', 7),
( 74, '長城東門',         7),
( 75, '長城西門',         7),
( 76, 'コムルーン海峡',   7),
( 80, 'ステップ',       8),
( 81, 'マイルズ',       8),
( 82, 'ノーマッドの村', 8),
( 83, 'ワイリンガ湖',   8),
( 84, 'サバンナへ',     8),
( 85, '地上戦艦',       8),
( 90, 'ビハラ',          9),
( 91, 'テレルテバ',      9),
( 92, 'メルー砂漠',      9),
( 93, 'サバンナへ',      9),
( 94, 'テレルテバの塔1', 9),
( 95, 'テレルテバの塔2', 9),
( 96, 'テレルテバの塔3', 9),
( 97, '移動湖',          9),
(100, '砂の遺跡',     10),
(101, '雪の遺跡',     10),
(102, 'メルー砂漠へ', 10),
(110, 'サバンナ',     11),
(111, '東の集落',     11),
(112, '西の集落',     11),
(113, '南の集落',     11),
(114, 'ステップへ',   11),
(115, 'メルー砂漠へ', 11),
(116, 'サラマットへ', 11),
(117, '白アリの巣',   11),
(120, 'ツキジマ',       12),
(121, 'ゼミオ',         12),
(122, 'コムルーン火山', 12),
(123, '魔道士の砦',     12),
(124, '浮上島',         12),
(130, 'サラマット',       13),
(131, 'ムリエ',           13),
(132, 'エイルネップ',     13),
(133, 'アマゾネスの村',   13),
(134, '沈んだ塔',         13),
(135, 'エイルネップの塔', 13),
(136, 'エイルネップ神殿', 13),
(140, 'ユウヤン',     14),
(141, 'リャンシャン', 14),
(142, 'チョントウ城', 14),
(143, 'ハクロ城',     14),
(144, '浮遊城',       14),
(145, 'チカパ山',     14),
(146, 'サラマットへ', 14),
(150, '忘れられた町', 15);

-- -----------------------------------------------------------------------------
CREATE TABLE chara_class_hometown (
    chara_class_id integer NOT NULL,
    place_id       integer NOT NULL,
    note           text    NOT NULL,
    PRIMARY KEY (chara_class_id, place_id),
    FOREIGN KEY (chara_class_id)
        REFERENCES chara_class(chara_class_id) MATCH SIMPLE
        ON UPDATE CASCADE
        ON DELETE NO ACTION,
    FOREIGN KEY (place_id)
        REFERENCES place(place_id) MATCH SIMPLE
        ON UPDATE CASCADE
        ON DELETE NO ACTION
);

INSERT INTO chara_class_hometown (chara_class_id, place_id, note) VALUES
( 0,   0, 'アバロン宮殿。'),
( 1,   0, 'アバロン宮殿。'),
( 2,   0, 'アバロン宮殿。'),
( 3,   0, 'アバロン宮殿。'),
( 4,   0, 'アバロン宮殿。'),
( 5,   0, 'アバロン宮殿 or 術法研究所。'),
( 6,   0, 'アバロン宮殿 or 術法研究所。'),
( 7,   0, 'アバロン宮殿 or アバロン市街の酒場。'),
( 8,   0, 'アバロン宮殿。'),
( 9,   0, '術法研究所。'),
(10,   0, '術法研究所。'),
(11,   0, 'アバロン宮殿。'),
(12,   0, 'アバロン宮殿。'),
(13,   0, 'アバロン帝国大学。'),
(14, 141, 'リャンシャン内の北側奥。'),
(15,  91, '酒場(テレルテバ内の北西にある建物)。'),
(16, 132, '酒場(エイルネップ内の南東にある建物)。サラマット制圧前はアマゾネスの村にいる。'),
(16, 133, 'アマゾネスの村内の中央にある建物。サラマット制圧後はエイルネップの酒場にいる。'),
(17, 113, '南の集落内の南東にある建物。'),
(18,  82, 'ノーマッドの村内の中央にある建物。'),
(19,  82, 'ノーマッドの村内の南東にある建物。'),
(20,  72, 'ネラック城の玉座。'),
(21,  71, 'フォーファー内の東側奥。'),
(22,  60, '酒場(トバ内の北にある建物)。'),
(23,  51, 'ヌオノ内の北にある建物。'),
(24,  31, 'ムーの越冬地かムーの住みかのいずれかにいる。'),
(24,  41, 'ムーの越冬地かムーの住みかのいずれかにいる。'),
(25,  13, ''),
(26,   0, 'シーフギルド。'),
(27,   0, 'シーフギルド。'),
(28, 121, '族長の家(ゼミオ内の西側の島の北にある建物)。'),
(29, 117, ''),
(30,  22, 'アクア湖。'),
(31, 145, 'イーリスの村。');

-- -----------------------------------------------------------------------------
CREATE TABLE enemy_type (
    enemy_type_id   integer NOT NULL,
    enemy_type_name text    NOT NULL,
    PRIMARY KEY (enemy_type_id)
);

INSERT INTO enemy_type (
        enemy_type_id, enemy_type_name) VALUES
( 0, '骸骨'),
( 1, 'ゾンビ'),
( 2, '獣人'),
( 3, '有翼'),
( 4, '悪魔'),
( 5, '獣'),
( 6, '虫'),
( 7, '蛇'),
( 8, '魚'),
( 9, '植物'),
(10, '水棲'),
(11, '無機質'),
(12, '精霊'),
(13, '人間'),
(14, '霊体'),
(15, '爬虫類'),
(16, '竜'),
(17, '巨人'),
(18, 'ボス');

-- -----------------------------------------------------------------------------
CREATE TABLE enemy (
    enemy_id          integer NOT NULL,
    enemy_name        text    NOT NULL,
    waza_level        integer NOT NULL,
    enemy_type_id     integer NOT NULL,
    enemy_type_number integer NOT NULL,
    PRIMARY KEY (enemy_id),
    FOREIGN KEY (enemy_type_id)
        REFERENCES enemy_type(enemy_type_id) MATCH SIMPLE
        ON UPDATE CASCADE
        ON DELETE NO ACTION
);

INSERT INTO enemy (
        enemy_id, enemy_name, waza_level, enemy_type_id, enemy_type_number) VALUES
(  0, 'ボーンヘッド',      4,  0,  1),
(  1, '獄門鳥',            7,  0,  2),
(  2, 'ロトンビースト',    8,  0,  3),
(  3, 'フライアー',        6,  0,  4),
(  4, '腐骨鳥',           10,  0,  5),
(  5, 'スケルトン',       14,  0,  6),
(  6, 'ウインガー',       14,  0,  7),
(  7, 'スパイクヘッド',   18,  0,  8),
(  8, 'スカルデーモン',   20,  0,  9),
(  9, 'ボーンドレイク',   24,  0, 10),
( 10, 'ヘルタスケルター', 24,  0, 11),
( 11, 'ドレッドナイト',   33,  0, 12),
( 12, 'アドバード',       34,  0, 13),
( 13, 'チャリオット',     36,  0, 14),
( 14, 'スカルロード',     39,  0, 15),
( 15, 'ヘルビースト',     41,  0, 16),
( 16, 'コープス',          4,  1,  1),
( 17, '屍食鬼',            6,  1,  2),
( 18, 'ボーンバイター',    8,  1,  3),
( 19, 'ゾンビ',            6,  1,  4),
( 20, '屍竜',              9,  1,  5),
( 21, 'ノスフェラン',     17,  1,  6),
( 22, 'レブナント',       16,  1,  7),
( 23, '吸精鬼',           17,  1,  8),
( 24, 'デュラハン',       23,  1,  9),
( 25, 'ブレインイーター', 21,  1, 10),
( 26, '腐竜',             28,  1, 11),
( 27, 'ブラッドサッカー', 29,  1, 12),
( 28, '寄生鬼',           36,  1, 13),
( 29, 'ヴァンパイア(女)', 37,  1, 14),
( 30, 'ヴァンパイア(男)', 37,  1, 15),
( 31, '獄竜',             41,  1, 16),
( 32, 'ゲットー',          4,  2,  1),
( 33, 'ゴブリン',          6,  2,  2),
( 34, 'ホブリン',          7,  2,  3),
( 35, 'ウオッチマン',      8,  2,  4),
( 36, '人狼',              9,  2,  5),
( 37, 'オーガ',           14,  2,  6),
( 38, 'ドビー',           13,  2,  7),
( 39, 'ミノタウロス',     18,  2,  8),
( 40, 'オーガバトラー',   21,  2,  9),
( 41, 'チャンピオン',     25,  2, 10),
( 42, '百獣王',           28,  2, 11),
( 43, 'スフィンクス',     30,  2, 12),
( 44, 'マッドオーガ',     33,  2, 13),
( 45, 'ビーストメア',     35,  2, 14),
( 46, 'ロビンハット',     39,  2, 15),
( 47, 'ラルヴァクィーン', 41,  2, 16),
( 48, 'バルチャー',        5,  3,  1),
( 49, 'サイレン',          5,  3,  2),
( 50, 'シムルグ',          7,  3,  3),
( 51, 'スポイラー',        8,  3,  4),
( 52, 'ソニック',         10,  3,  5),
( 53, 'フライマンバ',     14,  3,  6),
( 54, 'アズテック',       16,  3,  7),
( 55, 'ストーマー',       18,  3,  8),
( 56, 'クレイジーサン',   21,  3,  9),
( 57, 'ワイバーン',       24,  3, 10),
( 58, 'ウィズゴブリン',   27,  3, 11),
( 59, 'コカトリス',       30,  3, 12),
( 60, 'ブレイザー',       33,  3, 13),
( 61, 'スノーウィルム',   37,  3, 14),
( 62, 'ナイトフォーク',   40,  3, 15),
( 63, 'フォージウィルム', 39,  3, 16),
( 64, 'ジャム',            4,  4,  1),
( 65, 'フィーンド',        7,  4,  2),
( 66, 'ナイト',            9,  4,  3),
( 67, 'ゼノ',              6,  4,  4),
( 68, 'インプ',            7,  4,  5),
( 69, 'クローラー',       14,  4,  6),
( 70, 'ガーゴイル',       14,  4,  7),
( 71, 'カルト',           17,  4,  8),
( 72, 'マジシャン',       20,  4,  9),
( 73, 'ウイングメア',     26,  4, 10),
( 74, '青鬼',             21,  4, 11),
( 75, 'ジョーカー',       28,  4, 12),
( 76, 'ヒューリオン',     35,  4, 13),
( 77, '赤鬼',             26,  4, 14),
( 78, 'ナックラビー',     41,  4, 15),
( 79, 'ディアブロ',       42,  4, 16),
( 80, 'マイザー',          3,  5,  1),
( 81, 'バファロー',        5,  5,  2),
( 82, 'ムスタング',        7,  5,  3),
( 83, '大河馬',            8,  5,  4),
( 84, 'リンクス',          9,  5,  5),
( 85, 'ヘルハウンド',     15,  5,  6),
( 86, 'ワンプス',         15,  5,  7),
( 87, 'レイバーホーン',   19,  5,  8),
( 88, 'トリケプス',       20,  5,  9),
( 89, 'キマイラ',         26,  5, 10),
( 90, 'バク',             27,  5, 11),
( 91, 'ゴルゴン',         29,  5, 12),
( 92, '河馬人間',         33,  5, 13),
( 93, 'ガルム',           34,  5, 14),
( 94, 'ヌエ',             40,  5, 15),
( 95, 'トウテツ',         42,  5, 16),
( 96, 'ビー',              3,  6,  1),
( 97, '妖虫',              4,  6,  2),
( 98, 'センチペタ',        5,  6,  3),
( 99, 'マンターム',       10,  6,  4),
(100, 'ピアス',            6,  6,  5),
(101, 'クラブロブスター', 12,  6,  6),
(102, '毒虫',             12,  6,  7),
(103, 'アンワーム',       16,  6,  8),
(104, 'タランテラ',       21,  6,  9),
(105, 'タームソルジャー', 23,  6, 10),
(106, 'シザースパイダー', 28,  6, 11),
(107, 'マンティスゴッド', 30,  6, 12),
(108, 'ブラックウィドウ', 34,  6, 13),
(109, 'シャークピード',   33,  6, 14),
(110, 'タームバトラー',   37,  6, 15),
(111, 'カイザーアント',   41,  6, 16),
(112, '飛蛇',              5,  7,  1),
(113, 'ヴァイパー',        6,  7,  2),
(114, 'パイソン',          8,  7,  3),
(115, '砂竜',             12,  7,  4),
(116, '害蛇',             10,  7,  5),
(117, 'オピオン',         13,  7,  6),
(118, 'デューンウォーム', 18,  7,  7),
(119, 'コウアトル',       18,  7,  8),
(120, 'フューザー',       23,  7,  9),
(121, 'サンドバイター',   24,  7, 10),
(122, 'パイロヒドラ',     31,  7, 11),
(123, 'リリス',           32,  7, 12),
(124, 'ラットラー',       34,  7, 13),
(125, 'エレキテル',       36,  7, 14),
(126, 'メドゥサ',         39,  7, 15),
(127, 'ヴリトラ',         41,  7, 16),
(128, '咬魚',              3,  8,  1),
(129, '人食いザメ',        7,  8,  2),
(130, 'スノーレディ',      8,  8,  3),
(131, 'アルケパイン',      7,  8,  4),
(132, '竜金',             11,  8,  5),
(133, '牙魚',             13,  8,  6),
(134, 'ハンマヘッド',     17,  8,  7),
(135, 'ヘクトアイ',       18,  8,  8),
(136, 'ネプトゥーネ',     23,  8,  9),
(137, 'クロイドン',       24,  8, 10),
(138, 'スティンガー',     28,  8, 11),
(139, 'スカーレット',     30,  8, 12),
(140, 'トリトーン',       34,  8, 13),
(141, '人面ザメ',         36,  8, 14),
(142, 'チェスタトン',     38,  8, 15),
(143, 'アルビオン',       43,  8, 16),
(144, 'サラ',              4,  9,  1),
(145, 'マンドレーク',      3,  9,  2),
(146, 'クリーパー',        7,  9,  3),
(147, 'ウッドノイド',     10,  9,  4),
(148, 'スプリッツァー',   11,  9,  5),
(149, 'お化けキノコ',     17,  9,  6),
(150, 'ナスティペタル',   13,  9,  7),
(151, 'グラスホッパー',   18,  9,  8),
(152, 'ナイトシェード',   20,  9,  9),
(153, 'シグナルツリー',   19,  9, 10),
(154, 'ブラディマリー',   25,  9, 11),
(155, 'ラッフルツリー',   31,  9, 12),
(156, 'トーチャー',       32,  9, 13),
(157, 'アルラウネ',       35,  9, 14),
(158, 'ナイトヘッド',     28,  9, 15),
(159, 'マルガリータ',     38,  9, 16),
(160, 'ウミウシ',          4, 10,  1),
(161, 'オクトパス',        6, 10,  2),
(162, 'サベイジクラブ',    8, 10,  3),
(163, 'ニクサー',         14, 10,  4),
(164, 'ニクシー',         17, 10,  5),
(165, 'アメ降らし',       11, 10,  6),
(166, 'メーベルワーゲン', 13, 10,  7),
(167, '装甲竜',           16, 10,  8),
(168, 'グレートシザー',   18, 10,  9),
(169, 'チューブウォーム', 22, 10, 10),
(170, '大海竜',           25, 10, 11),
(171, 'ディープワン',     19, 10, 12),
(172, 'ペグパウラー',     32, 10, 13),
(173, 'クラブライダー',   36, 10, 14),
(174, '首長竜',           40, 10, 15),
(175, 'ベインサーペント', 41, 10, 16),
(176, 'ジェル',            3, 11,  1),
(177, '溶解獣',            4, 11,  2),
(178, 'スライム',          5, 11,  3),
(179, '大ヒル',            7, 11,  4),
(180, 'ディノバブル',      8, 11,  5),
(181, 'ゼラチナスマター', 11, 11,  6),
(182, 'ゼリー',           14, 11,  7),
(183, 'ムドメイン',       15, 11,  8),
(184, 'サイケビースト',   17, 11,  9),
(185, 'ブロッブ',         21, 11, 10),
(186, 'ウーズ',           22, 11, 11),
(187, '毒液獣',           27, 11, 12),
(188, 'ベインパープル',   31, 11, 13),
(189, '毒ヒル',           32, 11, 14),
(190, 'アゾート',         33, 11, 15),
(191, 'ゴールドバウム',   35, 11, 16),
(192, 'シー',              3, 12,  1),
(193, 'アムネジア',        8, 12,  2),
(194, 'リキッド',         10, 12,  3),
(195, 'エアー',           10, 12,  4),
(196, 'フレイム',         10, 12,  5),
(197, 'ソイル',           10, 12,  6),
(198, 'バルキリー',       14, 12,  7),
(199, '水の精霊',         15, 12,  8),
(200, '土の精霊',         18, 12,  9),
(201, 'シュラーク',       22, 12, 10),
(202, '風の精霊',         27, 12, 11),
(203, 'ジャン',           29, 12, 12),
(204, 'パザティブ',       27, 12, 13),
(205, '火の精霊',         33, 12, 14),
(206, 'マーリド',         36, 12, 15),
(207, 'セフィラス',       39, 12, 16),
(208, 'アデプト',          5, 13,  1),
(209, '影',                7, 13,  2),
(210, 'ノービス',          4, 13,  3),
(211, 'シニアー',          8, 13,  4),
(212, 'ガリアンブルー',   11, 13,  5),
(213, 'ヴァイカー',       14, 13,  6),
(214, 'キラーマシン',     17, 13,  7),
(215, 'ドラフトレッド',   19, 13,  8),
(216, 'エルダー',         19, 13,  9),
(217, 'マスター',         20, 13, 10),
(218, 'グレート',         24, 13, 11),
(219, 'シルバービート',   29, 13, 12),
(220, 'ラーマ',           33, 13, 13),
(221, 'ブラックレギオン', 38, 13, 14),
(222, 'ドクター',         32, 13, 15),
(223, 'ミスティック',     42, 13, 16),
(224, '生魂',              2, 14,  1),
(225, '人魂',              2, 14,  2),
(226, 'ハウント',          4, 14,  3),
(227, 'レインイーター',    5, 14,  4),
(228, '火魂',              6, 14,  5),
(229, 'ハロウィーン',     11, 14,  6),
(230, 'ストームイーター', 12, 14,  7),
(231, 'フューリー',       19, 14,  8),
(232, 'ロア',             19, 14,  9),
(233, '素魂',             13, 14, 10),
(234, 'ポイゾンイーター', 24, 14, 11),
(235, 'ソロウ',           28, 14, 12),
(236, 'ゴーメンガスト',   32, 14, 13),
(237, 'ジン',             31, 14, 14),
(238, 'パトス',           37, 14, 15),
(239, 'フィア',           39, 14, 16),
(240, 'タータラ',          5, 15,  1),
(241, 'かえるの王様',      6, 15,  2),
(242, 'ワニゲータ',        7, 15,  3),
(243, 'ウェアフロッグ',    7, 15,  4),
(244, 'リザード',          9, 15,  5),
(245, 'かえるの王子様',   12, 15,  6),
(246, 'リザードマン',     16, 15,  7),
(247, 'リザードレディ',   16, 15,  8),
(248, 'パイロレクス',     21, 15,  9),
(249, 'ホーンリザード',   25, 15, 10),
(250, 'トードマスター',   27, 15, 11),
(251, 'バジリスク',       29, 15, 12),
(252, 'ケロリアン',       29, 15, 13),
(253, 'ラムリザード',     36, 15, 14),
(254, 'かえるの殿様',     38, 15, 15),
(255, 'リザードロード',   40, 15, 16),

(300, '火竜',             33, 16,  0),
(301, '氷竜',             31, 16,  0),
(302, '雷竜',             34, 16,  0),
(303, '黒竜',             37, 16,  0),
(304, '水龍',             32, 16,  0),
(305, '金龍',             39, 16,  0),

(400, '巨人',             25, 17,  0),
(401, 'サイクロプス',     24, 17,  0),
(402, 'スプリガン',       19, 17,  0),
(403, '守護者',           31, 17,  0),

(500, 'ミミック',          9, 18,  0),
(501, 'キング',            8, 18,  0),
(502, '門',                1, 18,  0),
(503, 'ザ・ドラゴン',      5, 18,  0),
(504, 'バイキング',        8, 18,  0),
(505, 'ギャロン',         15, 18,  0),
(506, 'ギャロン(亡霊)',   16, 18,  0),
(507, 'サイフリート',     12, 18,  0),
(508, '亡霊兵士',         12, 18,  0),
(509, 'ゲオルグ',         13, 18,  0),
(510, 'セキシュウサイ',   16, 18,  0),
(511, '岩',                1, 18,  0),
(512, '魔道士(冥術)',     16, 18,  0),
(513, '魔道士(通常)',     16, 18,  0),
(514, '海の主',           21, 18,  0),
(515, 'クィーン',         14, 18,  0),
(516, 'リアルクィーン',   23, 18,  0),

(600, 'クジンシー1(レオン皇帝時)', 6, 18,  0),
(601, 'クジンシー1',       8, 18,  0),
(602, 'クジンシー2',      31, 18,  0),
(603, 'ダンターグ1',      20, 18,  0),
(604, 'ダンターグ2',      23, 18,  0),
(605, 'ダンターグ3',      25, 18,  0),
(606, 'ダンターグ4',      31, 18,  0),
(607, 'ボクオーン1',      21, 18,  0),
(608, 'ボクオーン2',      26, 18,  0),
(609, 'ロックブーケ1',    23, 18,  0),
(610, 'ロックブーケ2',    28, 18,  0),
(611, 'ノエル1',          26, 18,  0),
(612, 'ノエル2',          29, 18,  0),
(613, 'ノエル1(怒り)',    26, 18,  0),
(614, 'ノエル2(怒り)',    32, 18,  0),
(615, 'スービエ1',        21, 18,  0),
(616, 'スービエ2',        21, 18,  0),
(617, 'ワグナス1',        20, 18,  0),
(618, 'ワグナス2',        25, 18,  0),
(619, '七英雄',           36, 18,  0);

-- -----------------------------------------------------------------------------
CREATE TABLE enemy_hometown (
    enemy_type_id integer NOT NULL,
    place_id      integer NOT NULL,
    note          text    NOT NULL DEFAULT '',
    PRIMARY KEY (enemy_type_id, place_id),
    FOREIGN KEY (enemy_type_id)
        REFERENCES enemy_type(enemy_type_id) MATCH SIMPLE
        ON UPDATE CASCADE
        ON DELETE NO ACTION,
    FOREIGN KEY (place_id)
        REFERENCES place(place_id) MATCH SIMPLE
        ON UPDATE CASCADE
        ON DELETE NO ACTION
);

INSERT INTO enemy_hometown (enemy_type_id, place_id) VALUES
( 0,   2), ( 0,   3), ( 0,   5), ( 0,  14), ( 0,  10), ( 0,  21), ( 0,  22), ( 0,  24),
( 0,  34), ( 0,  42), ( 0,  44), ( 0,  53), ( 0,  63), ( 0,  73), ( 0,  94), ( 0,  96),
( 0, 100), ( 0, 101), ( 0, 123), ( 0, 124), ( 0, 134), ( 0, 144),
( 1,   2), ( 1,   3), ( 1,   4), ( 1,   5), ( 1,  14), ( 1,  21), ( 1,  22), ( 1,  24),
( 1,  34), ( 1,  42), ( 1,  44), ( 1,  63), ( 1,  73), ( 1,  94), ( 1,  95), ( 1, 100),
( 1, 101), ( 1, 124), ( 1, 132), ( 1, 134), ( 1, 144),
( 2,   1), ( 2,   3), ( 2,   4), ( 2,   5), ( 2,  10), ( 2,  34), ( 2,  42), ( 2,  43),
( 2,  44), ( 2,  53), ( 2,  70), ( 2,  73), ( 2,  74), ( 2,  75), ( 2,  81), ( 2,  85),
( 2,  94), ( 2,  95), ( 2,  96), ( 2, 100), ( 2, 132), ( 2, 142), ( 2, 143), ( 2, 144),
( 3,   5), ( 3,  23), ( 3,  24), ( 3,  44), ( 3,  53), ( 3,  73), ( 3,  80), ( 3,  92),
( 3, 110), ( 3, 124), ( 3, 130), ( 3, 134), ( 3, 142), ( 3, 143), ( 3, 144), ( 3, 145),
( 4,   4), ( 4,   5), ( 4,  14), ( 4,  10), ( 4,  34), ( 4,  42), ( 4,  43), ( 4,  44),
( 4,  53), ( 4,  74), ( 4,  75), ( 4,  85), ( 4,  95), ( 4, 123), ( 4, 124), ( 4, 132),
( 4, 142), ( 4, 143), ( 4, 144),
( 5,   1), ( 5,   5), ( 5,  10), ( 5,  23), ( 5,  24), ( 5,  34), ( 5,  44), ( 5,  53),
( 5,  73), ( 5,  74), ( 5,  75), ( 5,  80), ( 5,  94), ( 5,  95), ( 5,  96), ( 5, 110),
( 5, 122), ( 5, 123), ( 5, 132), ( 5, 142), ( 5, 143), ( 5, 144), ( 5, 145),
( 6,   1), ( 6,   3), ( 6,  14), ( 6,  21), ( 6,  24), ( 6,  34), ( 6,  35), ( 6,  44),
( 6,  53), ( 6,  62), ( 6,  74), ( 6,  75), ( 6,  80), ( 6,  94), ( 6,  96), ( 6, 110),
( 6, 122), ( 6, 145),
( 7,   3), ( 7,   4), ( 7,  21), ( 7,  23), ( 7,  24), ( 7,  34), ( 7,  44), ( 7,  53),
( 7,  73), ( 7,  74), ( 7,  75), ( 7,  85), ( 7,  94), ( 7,  96), ( 7, 100), ( 7, 110),
( 7, 123), ( 7, 130), ( 7, 132), ( 7, 134), ( 7, 145),
( 8,   2), ( 8,   6), ( 8,  35), ( 8,  44), ( 8,  63), ( 8,  76), ( 8,  83), ( 8, 130),
( 9,   2), ( 9,   3), ( 9,  14), ( 9,  23), ( 9,  24), ( 9,  42), ( 9,  44), ( 9,  60),
( 9, 122), ( 9, 130), ( 9, 144), ( 9, 145),
(10,   2), (10,  35), (10,  36), (10,  40), (10,  44), (10,  60), (10,  63), (10,  76),
(10, 124), (10, 134),
(11,   1), (11,   3), (11,   4), (11,  14), (11,  21), (11,  24), (11,  34), (11,  42),
(11,  44), (11,  53), (11,  62), (11,  94), (11,  96), (11, 124), (11, 132), (11, 134),
(11, 145),
(12,  14), (12,  23), (12,  24), (12,  34), (12,  35), (12,  44), (12,  53), (12,  62),
(12,  73), (12,  95), (12, 110), (12, 122), (12, 134), (12, 144), (12, 145),
(13,   5), (13,  10), (13,  44), (13,  53), (13,  70), (13,  73), (13,  81), (13,  85),
(13,  94), (13,  95), (13,  96), (13, 123), (13, 132), (13, 142), (13, 143), (13, 144),
(14,   5), (14,  14), (14,  22), (14,  34), (14,  44), (14,  63), (14, 100), (14, 101),
(14, 134),
(15,   1), (15,   3), (15,   4), (15,  14), (15,  21), (15,  23), (15,  34), (15,  35),
(15,  44), (15,  53), (15,  73), (15,  74), (15,  75), (15,  94), (15,  95), (15, 101),
(15, 122), (15, 124), (15, 143), (15, 145);

-- -----------------------------------------------------------------------------
CREATE TABLE boss_hometown (
    enemy_id integer NOT NULL,
    place_id integer NOT NULL,
    note     text    NOT NULL DEFAULT '',
    PRIMARY KEY (enemy_id, place_id),
    FOREIGN KEY (enemy_id)
        REFERENCES enemy(enemy_id) MATCH SIMPLE
        ON UPDATE CASCADE
        ON DELETE NO ACTION,
    FOREIGN KEY (place_id)
        REFERENCES place(place_id) MATCH SIMPLE
        ON UPDATE CASCADE
        ON DELETE NO ACTION
);

INSERT INTO boss_hometown (enemy_id, place_id) VALUES
( 33,   4), -- ゴブリン, ゴブリンの穴
( 32,   3), -- ゲットー, ウオッチマンの巣
( 35,   3), -- ウオッチマン, ウオッチマンの巣
( 38,  10), -- ドビー, 運河要塞
( 70,  10), -- ガーゴイル, 運河要塞
( 85, 122), -- ヘルハウンド, コムルーン火山
( 93, 122), -- ガルム, コムルーン火山
( 99, 111), -- マンターム, 東の集落
( 99, 113), -- マンターム, 南の集落
( 99, 117), -- マンターム, 白アリの巣
(105, 111), -- タームソルジャー, 東の集落
(105, 113), -- タームソルジャー, 南の集落
(105, 117), -- タームソルジャー, 白アリの巣
(110, 111), -- タームバトラー, 東の集落
(110, 113), -- タームバトラー, 南の集落
(110, 117), -- タームバトラー, 白アリの巣
(115,  92), -- 砂竜, メルー砂漠
(118,  74), -- デューンウォーム, 長城東門
(118,  75), -- デューンウォーム, 長城西門
(118,  92), -- デューンウォーム, メルー砂漠
(121,  92), -- サンドバイター, メルー砂漠
(122, 110), -- パイロヒドラ, サバンナ
(155, 135), -- ラッフルツリー, エイルネップの塔
(171,   6), -- ディープワン, アバロン地下
(181,  14), -- ゼラチナスマター, モンスターの巣
(213,  10), -- ヴァイカー, 運河要塞
(244,  10), -- リザード, 運河要塞
(248,  10), -- パイロレクス, 運河要塞

(300, 101), -- 火竜, 雪の遺跡
(301,  43), -- 氷竜, 大氷原
(301, 144), -- 氷竜, 浮遊城
(302, 101), -- 雷竜, 雪の遺跡
(303, 101), -- 黒竜, 雪の遺跡
(304, 134), -- 水龍, 沈んだ塔
(305, 101), -- 金龍, 雪の遺跡

(400,  42), -- 巨人, 氷の遺跡
(401,  43), -- サイクロプス, 大氷原
(402,  70), -- スプリガン, ダグラス
(403, 136), -- 守護者, エイルネップ神殿

(500,   5), -- ミミック, ソーモン
(501,   4), -- キング, ゴブリンの穴
(502,  10), -- 門, 運河要塞
(503,  13), -- ザ・ドラゴン, 龍の穴
(504,  52), -- バイキング, モーベルム
(504,  51), -- バイキング, ヌオノ
(505,  51), -- ギャロン, ヌオノ
(506,  63), -- ギャロン(亡霊), 沈没船
(507,  73), -- サイフリート, サイフリートの砦
(508,  72), -- 亡霊兵士, ネラック城
(509,  72), -- ゲオルグ, ネラック城
(510, 142), -- セキシュウサイ, チョントウ城
(511, 122), -- 岩, コムルーン火山
(512, 124), -- 魔道士(冥術), 浮上島
(513, 123), -- 魔道士(通常), 魔道士の砦
(514,  83), -- 海の主, ワイリンガ湖
(515, 117), -- クィーン, 白アリの巣
(516,   6), -- リアルクィーン, アバロン地下

(600,   5), -- クジンシー1(レオン皇帝時), ソーモン
(601,   5), -- クジンシー1, ソーモン
(602,   2), -- クジンシー2, 封印の地(深部)
(603,  34), -- ダンターグ1, 子供と子ムー
(604,  32), -- ダンターグ2, 東のダンジョン
(604,  33), -- ダンターグ2, 南のダンジョン
(604,  34), -- ダンターグ2, 子供と子ムー
(604,  35), -- ダンターグ2, 詩人のどうくつ
(605,  32), -- ダンターグ3, 東のダンジョン
(605,  33), -- ダンターグ3, 南のダンジョン
(605,  34), -- ダンターグ3, 子供と子ムー
(605,  35), -- ダンターグ3, 詩人のどうくつ
(606,  32), -- ダンターグ4, 東のダンジョン
(606,  33), -- ダンターグ4, 南のダンジョン
(606,  34), -- ダンターグ4, 子供と子ムー
(606,  35), -- ダンターグ4, 詩人のどうくつ
(607,  85), -- ボクオーン1, 地上戦艦
(608,  85), -- ボクオーン2, 地上戦艦
(609, 135), -- ロックブーケ1, エイルネップの塔
(609, 134), -- ロックブーケ1, 沈んだ塔
(610, 135), -- ロックブーケ2, エイルネップの塔
(610, 134), -- ロックブーケ2, 沈んだ塔
(611,  97), -- ノエル1, 移動湖
(612,  97), -- ノエル2, 移動湖
(613,  97), -- ノエル1(怒り), 移動湖
(614,  97), -- ノエル2(怒り), 移動湖
(615,  55), -- スービエ1, 氷海
(615,  63), -- スービエ1, 沈没船
(616,  55), -- スービエ2, 氷海
(616,  63), -- スービエ2, 沈没船
(617, 144), -- ワグナス1, 浮遊城
(618, 144), -- ワグナス2, 浮遊城
(619,  44); -- 七英雄, ラストダンジョン

